experimento,eficiencia_barrida,repeticion,semilla_alice,semilla_bob,distancia_km,mu,eficiencia_detector,conteos_oscuros_hz,visibilidad,claves_completadas,bits_tamizados,errores,qber,tiempo_hasta_ultima_clave_s,tasa_tamizada_bps,indicador_ideal_bps,clics_detector_0,clics_detector_1,clics_detector_2,clics_detector_total,rendimiento_fondo_pulso,referencia_tasa_tamizada_bps,conteos_oscuros_barridos_hz
eficiencia_detector,0.05,0,20000,20001,5.0,0.1,0.05,100.0,0.98,4,1024,2,0.001953125,0.008868999728,115458.34157229327,110372.49721284668,1566,951,978,3495,2.9999995498908305e-07,118921.9034604816,
eficiencia_detector,0.05,1,20002,20003,5.0,0.1,0.05,100.0,0.98,4,1024,3,0.0029296875,0.008644999735,118449.97471246307,111062.53676068404,1629,952,965,3546,2.9999995498908305e-07,118921.9034604816,
eficiencia_detector,0.05,2,20004,20005,5.0,0.1,0.05,100.0,0.98,4,1024,4,0.00390625,0.00880499973,116297.56177175941,107034.58500701575,1614,950,941,3505,2.9999995498908305e-07,118921.9034604816,
eficiencia_detector,0.05,3,20006,20007,5.0,0.1,0.05,100.0,0.98,4,1024,4,0.00390625,0.00880499973,116297.56177175941,107034.58500701575,1688,963,977,3628,2.9999995498908305e-07,118921.9034604816,
eficiencia_detector,0.05,4,20008,20009,5.0,0.1,0.05,100.0,0.98,4,1024,2,0.001953125,0.008612999736,118890.05356867226,113653.0451368654,1609,914,924,3447,2.9999995498908305e-07,118921.9034604816,
eficiencia_detector,0.05,5,20010,20011,5.0,0.1,0.05,100.0,0.98,4,1024,3,0.0029296875,0.009348999713,109530.4344245625,102699.28659099762,1739,1009,1007,3755,2.9999995498908305e-07,118921.9034604816,
eficiencia_detector,0.05,6,20012,20013,5.0,0.1,0.05,100.0,0.98,4,1024,6,0.005859375,0.009284999715,110285.40995491027,97927.70046501515,1637,980,999,3616,2.9999995498908305e-07,118921.9034604816,
eficiencia_detector,0.05,7,20014,20015,5.0,0.1,0.05,100.0,0.98,4,1024,4,0.00390625,0.008996999724,113815.719841407,104750.41913955224,1680,937,951,3568,2.9999995498908305e-07,118921.9034604816,
eficiencia_detector,0.05,8,20016,20017,5.0,0.1,0.05,100.0,0.98,4,1024,5,0.0048828125,0.00912499972,112219.18152562967,101428.36682291824,1674,965,910,3549,2.9999995498908305e-07,118921.9034604816,
eficiencia_detector,0.05,9,20018,20019,5.0,0.1,0.05,100.0,0.98,4,1024,3,0.0029296875,0.008900999727,115043.25709547345,107868.28786794563,1645,995,982,3622,2.9999995498908305e-07,118921.9034604816,
eficiencia_detector,0.05,10,20020,20021,5.0,0.1,0.05,100.0,0.98,4,1024,3,0.0029296875,0.008292999746,123477.63551951277,115776.63454380882,1574,961,916,3451,2.9999995498908305e-07,118921.9034604816,
eficiencia_detector,0.05,11,20022,20023,5.0,0.1,0.05,100.0,0.98,4,1024,2,0.001953125,0.00944499971,108417.15526108787,103641.46932932174,1707,995,1025,3727,2.9999995498908305e-07,118921.9034604816,
eficiencia_detector,0.05,12,20024,20025,5.0,0.1,0.05,100.0,0.98,4,1024,1,0.0009765625,0.009156999719,111827.02101380288,109128.02571416764,1611,1002,960,3573,2.9999995498908305e-07,118921.9034604816,
eficiencia_detector,0.05,13,20026,20027,5.0,0.1,0.05,100.0,0.98,4,1024,1,0.0009765625,0.008580999737,119333.41468181892,116453.24920485521,1612,977,970,3559,2.9999995498908305e-07,118921.9034604816,
eficiencia_detector,0.05,14,20028,20029,5.0,0.1,0.05,100.0,0.98,4,1024,2,0.001953125,0.009508999708,107687.45729779552,102943.91395720273,1650,1010,988,3648,2.9999995498908305e-07,118921.9034604816,
eficiencia_detector,0.05,15,20030,20031,5.0,0.1,0.05,100.0,0.98,4,1024,2,0.001953125,0.008420999742,121600.76373031671,116244.35076005942,1607,917,947,3471,2.9999995498908305e-07,118921.9034604816,
eficiencia_detector,0.05,16,20032,20033,5.0,0.1,0.05,100.0,0.98,4,1024,3,0.0029296875,0.008932999726,114631.14646915192,107481.8795829594,1616,995,935,3546,2.9999995498908305e-07,118921.9034604816,
eficiencia_detector,0.05,17,20034,20035,5.0,0.1,0.05,100.0,0.98,4,1024,2,0.001953125,0.009380999712,109156.80966178032,104348.54256601621,1670,965,988,3623,2.9999995498908305e-07,118921.9034604816,
eficiencia_detector,0.05,18,20036,20037,5.0,0.1,0.05,100.0,0.98,4,1024,6,0.005859375,0.008676999734,118013.14179918126,104789.52388870399,1687,967,887,3541,2.9999995498908305e-07,118921.9034604816,
eficiencia_detector,0.05,19,20038,20039,5.0,0.1,0.05,100.0,0.98,4,1024,4,0.00390625,0.008676999734,118013.14179918126,108613.5209149052,1630,919,985,3534,2.9999995498908305e-07,118921.9034604816,
eficiencia_detector,0.05,20,20040,20041,5.0,0.1,0.05,100.0,0.98,4,1024,5,0.0048828125,0.009060999722,113011.81231842886,102144.77952272764,1619,959,958,3536,2.9999995498908305e-07,118921.9034604816,
eficiencia_detector,0.05,21,20042,20043,5.0,0.1,0.05,100.0,0.98,4,1024,1,0.0009765625,0.008516999739,120230.13166373892,117328.32352029475,1633,961,916,3510,2.9999995498908305e-07,118921.9034604816,
eficiencia_detector,0.05,22,20044,20045,5.0,0.1,0.05,100.0,0.98,4,1024,3,0.0029296875,0.00912499972,112219.18152562967,105220.34304945068,1648,992,955,3595,2.9999995498908305e-07,118921.9034604816,
eficiencia_detector,0.05,23,20046,20047,5.0,0.1,0.05,100.0,0.98,4,1024,0,0.0,0.008516999739,120230.13166373892,120230.13166372561,1602,959,968,3529,2.9999995498908305e-07,118921.9034604816,
eficiencia_detector,0.05,24,20048,20049,5.0,0.1,0.05,100.0,0.98,4,1024,3,0.0029296875,0.008868999728,115458.34157229327,108257.48453157935,1630,936,996,3562,2.9999995498908305e-07,118921.9034604816,
eficiencia_detector,0.05,25,20050,20051,5.0,0.1,0.05,100.0,0.98,4,1024,4,0.00390625,0.008228999748,124437.96711123682,114526.61574287798,1577,927,930,3434,2.9999995498908305e-07,118921.9034604816,
eficiencia_detector,0.05,26,20052,20053,5.0,0.1,0.05,100.0,0.98,4,1024,2,0.001953125,0.009252999716,110666.81416074518,105792.03261691939,1658,988,924,3570,2.9999995498908305e-07,118921.9034604816,
eficiencia_detector,0.05,27,20054,20055,5.0,0.1,0.05,100.0,0.98,4,1024,4,0.00390625,0.008516999739,120230.13166373892,110653.92990115199,1559,957,989,3505,2.9999995498908305e-07,118921.9034604816,
eficiencia_detector,0.05,28,20056,20057,5.0,0.1,0.05,100.0,0.98,4,1024,5,0.0048828125,0.009188999718,111437.59184083153,100721.9335360509,1635,999,964,3598,2.9999995498908305e-07,118921.9034604816,
eficiencia_detector,0.05,29,20058,20059,5.0,0.1,0.05,100.0,0.98,4,1024,4,0.00390625,0.008868999728,115458.34157229327,106262.20780141576,1659,930,917,3506,2.9999995498908305e-07,118921.9034604816,
eficiencia_detector,0.12272727272727273,0,20100,20101,5.0,0.1,0.12272727272727273,100.0,0.98,4,1024,3,0.0029296875,0.003556999894,287883.0560909767,269928.48734241247,1585,935,969,3489,2.9999995498908305e-07,291045.2270136521,
eficiencia_detector,0.12272727272727273,1,20102,20103,5.0,0.1,0.12272727272727273,100.0,0.98,4,1024,5,0.0048828125,0.003716999889,275490.9955823246,249000.22773694154,1662,960,925,3547,2.9999995498908305e-07,291045.2270136521,
eficiencia_detector,0.12272727272727273,2,20104,20105,5.0,0.1,0.12272727272727273,100.0,0.98,4,1024,2,0.001953125,0.0037489998879999997,273139.5120276408,261107.94265230928,1689,889,998,3576,2.9999995498908305e-07,291045.2270136521,
eficiencia_detector,0.12272727272727273,3,20106,20107,5.0,0.1,0.12272727272727273,100.0,0.98,4,1024,2,0.001953125,0.003780999887,270827.83142119675,258898.0896627617,1694,1001,971,3666,2.9999995498908305e-07,291045.2270136521,
eficiencia_detector,0.12272727272727273,4,20108,20109,5.0,0.1,0.12272727272727273,100.0,0.98,4,1024,4,0.00390625,0.003620999892,282794.8164987131,260270.51096289724,1687,960,970,3617,2.9999995498908305e-07,291045.2270136521,
eficiencia_detector,0.12272727272727273,5,20110,20111,5.0,0.1,0.12272727272727273,100.0,0.98,4,1024,5,0.0048828125,0.003940999882,259832.53759457995,234847.46170291473,1685,983,951,3619,2.9999995498908305e-07,291045.2270136521,
eficiencia_detector,0.12272727272727273,6,20112,20113,5.0,0.1,0.12272727272727273,100.0,0.98,4,1024,4,0.00390625,0.003620999892,282794.8164987131,260270.51096289724,1624,983,970,3577,2.9999995498908305e-07,291045.2270136521,
eficiencia_detector,0.12272727272727273,7,20114,20115,5.0,0.1,0.12272727272727273,100.0,0.98,4,1024,2,0.001953125,0.003716999889,275490.9955823246,263355.8453031791,1707,948,1034,3689,2.9999995498908305e-07,291045.2270136521,
eficiencia_detector,0.12272727272727273,8,20116,20117,5.0,0.1,0.12272727272727273,100.0,0.98,4,1024,4,0.00390625,0.003716999889,275490.9955823246,253548.43159303517,1667,920,937,3524,2.9999995498908305e-07,291045.2270136521,
eficiencia_detector,0.12272727272727273,9,20118,20119,5.0,0.1,0.12272727272727273,100.0,0.98,4,1024,4,0.00390625,0.003652999891,280317.5555857141,257990.56123964058,1666,966,987,3619,2.9999995498908305e-07,291045.2270136521,
eficiencia_detector,0.12272727272727273,10,20120,20121,5.0,0.1,0.12272727272727273,100.0,0.98,4,1024,3,0.0029296875,0.00368499989,277883.31901415606,260552.40964051735,1623,916,924,3463,2.9999995498908305e-07,291045.2270136521,
eficiencia_detector,0.12272727272727273,11,20122,20123,5.0,0.1,0.12272727272727273,100.0,0.98,4,1024,6,0.005859375,0.003716999889,275490.9955823246,244621.65672888755,1724,982,980,3686,2.9999995498908305e-07,291045.2270136521,
eficiencia_detector,0.12272727272727273,12,20124,20125,5.0,0.1,0.12272727272727273,100.0,0.98,4,1024,4,0.00390625,0.003620999892,282794.8164987131,260270.51096289724,1633,956,885,3474,2.9999995498908305e-07,291045.2270136521,
eficiencia_detector,0.12272727272727273,13,20126,20127,5.0,0.1,0.12272727272727273,100.0,0.98,4,1024,3,0.0029296875,0.003780999887,270827.83142119675,253936.9557152651,1659,965,935,3559,2.9999995498908305e-07,291045.2270136521,
eficiencia_detector,0.12272727272727273,14,20128,20129,5.0,0.1,0.12272727272727273,100.0,0.98,4,1024,5,0.0048828125,0.003716999889,275490.9955823246,249000.22773694154,1724,970,946,3640,2.9999995498908305e-07,291045.2270136521,
eficiencia_detector,0.12272727272727273,15,20130,20131,5.0,0.1,0.12272727272727273,100.0,0.98,4,1024,3,0.0029296875,0.0037489998879999997,273139.5120276408,256104.46240283843,1645,947,991,3583,2.9999995498908305e-07,291045.2270136521,
eficiencia_detector,0.12272727272727273,16,20132,20133,5.0,0.1,0.12272727272727273,100.0,0.98,4,1024,5,0.0048828125,0.003652999891,280317.5555857141,253362.6735493342,1618,986,1003,3607,2.9999995498908305e-07,291045.2270136521,
eficiencia_detector,0.12272727272727273,17,20134,20135,5.0,0.1,0.12272727272727273,100.0,0.98,4,1024,9,0.0087890625,0.0037489998879999997,273139.5120276408,230275.00343736267,1604,976,975,3555,2.9999995498908305e-07,291045.2270136521,
eficiencia_detector,0.12272727272727273,18,20136,20137,5.0,0.1,0.12272727272727273,100.0,0.98,4,1024,3,0.0029296875,0.003652999891,280317.5555857141,262834.8287745792,1685,955,965,3605,2.9999995498908305e-07,291045.2270136521,
eficiencia_detector,0.12272727272727273,19,20138,20139,5.0,0.1,0.12272727272727273,100.0,0.98,4,1024,4,0.00390625,0.003716999889,275490.9955823246,253548.43159303517,1641,938,985,3564,2.9999995498908305e-07,291045.2270136521,
eficiencia_detector,0.12272727272727273,20,20140,20141,5.0,0.1,0.12272727272727273,100.0,0.98,4,1024,0,0.0,0.0037489998879999997,273139.5120276408,273139.51202761056,1621,1010,951,3582,2.9999995498908305e-07,291045.2270136521,
eficiencia_detector,0.12272727272727273,21,20142,20143,5.0,0.1,0.12272727272727273,100.0,0.98,4,1024,5,0.0048828125,0.003716999889,275490.9955823246,249000.22773694154,1649,936,963,3548,2.9999995498908305e-07,291045.2270136521,
eficiencia_detector,0.12272727272727273,22,20144,20145,5.0,0.1,0.12272727272727273,100.0,0.98,4,1024,3,0.0029296875,0.003620999892,282794.8164987131,265157.5889261422,1668,950,931,3549,2.9999995498908305e-07,291045.2270136521,
eficiencia_detector,0.12272727272727273,23,20146,20147,5.0,0.1,0.12272727272727273,100.0,0.98,4,1024,6,0.005859375,0.003652999891,280317.5555857141,248907.39064855644,1570,1076,980,3626,2.9999995498908305e-07,291045.2270136521,
eficiencia_detector,0.12272727272727273,24,20148,20149,5.0,0.1,0.12272727272727273,100.0,0.98,4,1024,3,0.0029296875,0.003652999891,280317.5555857141,262834.8287745792,1679,992,951,3622,2.9999995498908305e-07,291045.2270136521,
eficiencia_detector,0.12272727272727273,25,20150,20151,5.0,0.1,0.12272727272727273,100.0,0.98,4,1024,6,0.005859375,0.0035889998929999997,285316.252585355,253345.97325614106,1637,970,918,3525,2.9999995498908305e-07,291045.2270136521,
eficiencia_detector,0.12272727272727273,26,20152,20153,5.0,0.1,0.12272727272727273,100.0,0.98,4,1024,4,0.00390625,0.00368499989,277883.31901415606,255750.20901491417,1662,960,957,3579,2.9999995498908305e-07,291045.2270136521,
eficiencia_detector,0.12272727272727273,27,20154,20155,5.0,0.1,0.12272727272727273,100.0,0.98,4,1024,3,0.0029296875,0.00368499989,277883.31901415606,260552.40964051735,1692,967,963,3622,2.9999995498908305e-07,291045.2270136521,
eficiencia_detector,0.12272727272727273,28,20156,20157,5.0,0.1,0.12272727272727273,100.0,0.98,4,1024,1,0.0009765625,0.003556999894,287883.0560909767,280934.8694345668,1586,944,913,3443,2.9999995498908305e-07,291045.2270136521,
eficiencia_detector,0.12272727272727273,29,20158,20159,5.0,0.1,0.12272727272727273,100.0,0.98,4,1024,1,0.0009765625,0.003652999891,280317.5555857141,273551.9656766554,1704,918,972,3594,2.9999995498908305e-07,291045.2270136521,
eficiencia_detector,0.19545454545454544,0,20200,20201,5.0,0.1,0.19545454545454544,100.0,0.98,4,1024,1,0.0009765625,0.0024369999289999998,420188.7689098903,410047.32454370864,1764,987,1003,3754,2.9999995498908305e-07,462177.0723338347,
eficiencia_detector,0.19545454545454544,1,20202,20203,5.0,0.1,0.19545454545454544,100.0,0.98,4,1024,0,0.0,0.0024369999289999998,420188.7689098903,420188.76890984375,1635,1064,978,3677,2.9999995498908305e-07,462177.0723338347,
eficiencia_detector,0.19545454545454544,2,20204,20205,5.0,0.1,0.19545454545454544,100.0,0.98,4,1024,5,0.0048828125,0.0024369999289999998,420188.7689098903,379784.0975887802,1659,971,1026,3656,2.9999995498908305e-07,462177.0723338347,
eficiencia_detector,0.19545454545454544,3,20206,20207,5.0,0.1,0.19545454545454544,100.0,0.98,4,1024,2,0.001953125,0.002468999928,414742.8229491629,396473.7449597114,1706,964,1000,3670,2.9999995498908305e-07,462177.0723338347,
eficiencia_detector,0.19545454545454544,4,20208,20209,5.0,0.1,0.19545454545454544,100.0,0.98,4,1024,6,0.005859375,0.002308999933,443482.03971992055,393788.955085375,1595,942,925,3462,2.9999995498908305e-07,462177.0723338347,
eficiencia_detector,0.19545454545454544,5,20210,20211,5.0,0.1,0.19545454545454544,100.0,0.98,4,1024,6,0.005859375,0.00240499993,425779.63817238034,378070.14443791314,1693,909,974,3576,2.9999995498908305e-07,462177.0723338347,
eficiencia_detector,0.19545454545454544,6,20212,20213,5.0,0.1,0.19545454545454544,100.0,0.98,4,1024,3,0.0029296875,0.002468999928,414742.8229491629,388876.3178872565,1744,957,1033,3734,2.9999995498908305e-07,462177.0723338347,
eficiencia_detector,0.19545454545454544,7,20214,20215,5.0,0.1,0.19545454545454544,100.0,0.98,4,1024,2,0.001953125,0.002340999932,437419.91872898524,418151.93344457465,1700,925,949,3574,2.9999995498908305e-07,462177.0723338347,
eficiencia_detector,0.19545454545454544,8,20216,20217,5.0,0.1,0.19545454545454544,100.0,0.98,4,1024,3,0.0029296875,0.0024369999289999998,420188.7689098903,393982.6133924116,1705,939,1023,3667,2.9999995498908305e-07,462177.0723338347,
eficiencia_detector,0.19545454545454544,9,20218,20219,5.0,0.1,0.19545454545454544,100.0,0.98,4,1024,2,0.001953125,0.002340999932,437419.91872898524,418151.93344457465,1710,892,951,3553,2.9999995498908305e-07,462177.0723338347,
eficiencia_detector,0.19545454545454544,10,20220,20221,5.0,0.1,0.19545454545454544,100.0,0.98,4,1024,4,0.00390625,0.002500999927,409436.2374605539,376825.0778071437,1742,994,1019,3755,2.9999995498908305e-07,462177.0723338347,
eficiencia_detector,0.19545454545454544,11,20222,20223,5.0,0.1,0.19545454545454544,100.0,0.98,4,1024,2,0.001953125,0.002340999932,437419.91872898524,418151.93344457465,1674,970,977,3621,2.9999995498908305e-07,462177.0723338347,
eficiencia_detector,0.19545454545454544,12,20224,20225,5.0,0.1,0.19545454545454544,100.0,0.98,4,1024,3,0.0029296875,0.0024369999289999998,420188.7689098903,393982.6133924116,1740,1036,969,3745,2.9999995498908305e-07,462177.0723338347,
eficiencia_detector,0.19545454545454544,13,20226,20227,5.0,0.1,0.19545454545454544,100.0,0.98,4,1024,3,0.0029296875,0.002340999932,437419.91872898524,410139.09814352845,1742,959,1014,3715,2.9999995498908305e-07,462177.0723338347,
eficiencia_detector,0.19545454545454544,14,20228,20229,5.0,0.1,0.19545454545454544,100.0,0.98,4,1024,2,0.001953125,0.002340999932,437419.91872898524,418151.93344457465,1682,950,938,3570,2.9999995498908305e-07,462177.0723338347,
eficiencia_detector,0.19545454545454544,15,20230,20231,5.0,0.1,0.19545454545454544,100.0,0.98,4,1024,4,0.00390625,0.002500999927,409436.2374605539,376825.0778071437,1731,1027,1002,3760,2.9999995498908305e-07,462177.0723338347,
eficiencia_detector,0.19545454545454544,16,20232,20233,5.0,0.1,0.19545454545454544,100.0,0.98,4,1024,3,0.0029296875,0.002372999931,431521.2936261986,404608.3559976898,1667,969,1002,3638,2.9999995498908305e-07,462177.0723338347,
eficiencia_detector,0.19545454545454544,17,20234,20235,5.0,0.1,0.19545454545454544,100.0,0.98,4,1024,4,0.00390625,0.002340999932,437419.91872898524,402579.8887069065,1688,993,952,3633,2.9999995498908305e-07,462177.0723338347,
eficiencia_detector,0.19545454545454544,18,20236,20237,5.0,0.1,0.19545454545454544,100.0,0.98,4,1024,4,0.00390625,0.002500999927,409436.2374605539,376825.0778071437,1718,1034,980,3732,2.9999995498908305e-07,462177.0723338347,
eficiencia_detector,0.19545454545454544,19,20238,20239,5.0,0.1,0.19545454545454544,100.0,0.98,4,1024,0,0.0,0.0024369999289999998,420188.7689098903,420188.76890984375,1731,1003,1032,3766,2.9999995498908305e-07,462177.0723338347,
eficiencia_detector,0.19545454545454544,20,20240,20241,5.0,0.1,0.19545454545454544,100.0,0.98,4,1024,3,0.0029296875,0.002308999933,443482.03971992055,415823.1393350765,1695,955,970,3620,2.9999995498908305e-07,462177.0723338347,
eficiencia_detector,0.19545454545454544,21,20242,20243,5.0,0.1,0.19545454545454544,100.0,0.98,4,1024,0,0.0,0.002564999925,399220.28457759117,399220.28457754693,1724,999,976,3699,2.9999995498908305e-07,462177.0723338347,
eficiencia_detector,0.19545454545454544,22,20244,20245,5.0,0.1,0.19545454545454544,100.0,0.98,4,1024,1,0.0009765625,0.002340999932,437419.91872898524,426862.5928348202,1706,988,990,3684,2.9999995498908305e-07,462177.0723338347,
eficiencia_detector,0.19545454545454544,23,20246,20247,5.0,0.1,0.19545454545454544,100.0,0.98,4,1024,3,0.0029296875,0.002468999928,414742.8229491629,388876.3178872565,1713,1041,924,3678,2.9999995498908305e-07,462177.0723338347,
eficiencia_detector,0.19545454545454544,24,20248,20249,5.0,0.1,0.19545454545454544,100.0,0.98,4,1024,7,0.0068359375,0.002308999933,443482.03971992055,386967.6967663032,1619,928,958,3505,2.9999995498908305e-07,462177.0723338347,
eficiencia_detector,0.19545454545454544,25,20250,20251,5.0,0.1,0.19545454545454544,100.0,0.98,4,1024,0,0.0,0.0024369999289999998,420188.7689098903,420188.76890984375,1690,951,974,3615,2.9999995498908305e-07,462177.0723338347,
eficiencia_detector,0.19545454545454544,26,20252,20253,5.0,0.1,0.19545454545454544,100.0,0.98,4,1024,4,0.00390625,0.002532999926,404263.7307206933,372064.55571267783,1749,1078,1025,3852,2.9999995498908305e-07,462177.0723338347,
eficiencia_detector,0.19545454545454544,27,20254,20255,5.0,0.1,0.19545454545454544,100.0,0.98,4,1024,4,0.00390625,0.002372999931,431521.2936261986,397151.08280272246,1704,982,963,3649,2.9999995498908305e-07,462177.0723338347,
eficiencia_detector,0.19545454545454544,28,20256,20257,5.0,0.1,0.19545454545454544,100.0,0.98,4,1024,0,0.0,0.00240499993,425779.63817238034,425779.6381723332,1743,988,1013,3744,2.9999995498908305e-07,462177.0723338347,
eficiencia_detector,0.19545454545454544,29,20258,20259,5.0,0.1,0.19545454545454544,100.0,0.98,4,1024,2,0.001953125,0.002340999932,437419.91872898524,418151.93344457465,1633,989,978,3600,2.9999995498908305e-07,462177.0723338347,
eficiencia_detector,0.2681818181818182,0,20300,20301,5.0,0.1,0.2681818181818182,100.0,0.98,4,1024,2,0.001953125,0.001796999949,569838.6360944744,544737.7159382533,1751,960,1001,3712,2.9999995498908305e-07,632323.1506115001,
eficiencia_detector,0.2681818181818182,1,20302,20303,5.0,0.1,0.2681818181818182,100.0,0.98,4,1024,1,0.0009765625,0.00176499995,580169.9881067985,566167.325273668,1724,1025,1029,3778,2.9999995498908305e-07,632323.1506115001,
eficiencia_detector,0.2681818181818182,2,20304,20305,5.0,0.1,0.2681818181818182,100.0,0.98,4,1024,7,0.0068359375,0.001732999951,590882.8787958806,515584.7727468046,1725,950,944,3619,2.9999995498908305e-07,632323.1506115001,
eficiencia_detector,0.2681818181818182,3,20306,20307,5.0,0.1,0.2681818181818182,100.0,0.98,4,1024,2,0.001953125,0.0018289999479999999,559868.796672049,535207.0396884549,1709,1021,950,3680,2.9999995498908305e-07,632323.1506115001,
eficiencia_detector,0.2681818181818182,4,20308,20309,5.0,0.1,0.2681818181818182,100.0,0.98,4,1024,2,0.001953125,0.0018289999479999999,559868.796672049,535207.0396884549,1745,1028,1019,3792,2.9999995498908305e-07,632323.1506115001,
eficiencia_detector,0.2681818181818182,5,20310,20311,5.0,0.1,0.2681818181818182,100.0,0.98,4,1024,3,0.0029296875,0.001892999946,540940.3218229146,507203.1844973658,1809,1050,1051,3910,2.9999995498908305e-07,632323.1506115001,
eficiencia_detector,0.2681818181818182,6,20312,20313,5.0,0.1,0.2681818181818182,100.0,0.98,4,1024,6,0.005859375,0.001860999947,550241.8211514328,488586.0810334945,1702,977,1000,3679,2.9999995498908305e-07,632323.1506115001,
eficiencia_detector,0.2681818181818182,7,20314,20315,5.0,0.1,0.2681818181818182,100.0,0.98,4,1024,4,0.00390625,0.00176499995,580169.9881067985,533960.067300532,1764,969,972,3705,2.9999995498908305e-07,632323.1506115001,
eficiencia_detector,0.2681818181818182,8,20316,20317,5.0,0.1,0.2681818181818182,100.0,0.98,4,1024,0,0.0,0.001796999949,569838.6360944744,569838.6360944113,1748,1011,978,3737,2.9999995498908305e-07,632323.1506115001,
eficiencia_detector,0.2681818181818182,9,20318,20319,5.0,0.1,0.2681818181818182,100.0,0.98,4,1024,2,0.001953125,0.001892999946,540940.3218229146,517112.34848572884,1732,1019,993,3744,2.9999995498908305e-07,632323.1506115001,
eficiencia_detector,0.2681818181818182,10,20320,20321,5.0,0.1,0.2681818181818182,100.0,0.98,4,1024,2,0.001953125,0.00176499995,580169.9881067985,554613.9804476582,1693,968,999,3660,2.9999995498908305e-07,632323.1506115001,
eficiencia_detector,0.2681818181818182,11,20322,20323,5.0,0.1,0.2681818181818182,100.0,0.98,4,1024,2,0.001953125,0.00176499995,580169.9881067985,554613.9804476582,1700,1027,957,3684,2.9999995498908305e-07,632323.1506115001,
eficiencia_detector,0.2681818181818182,12,20324,20325,5.0,0.1,0.2681818181818182,100.0,0.98,4,1024,5,0.0048828125,0.001860999947,550241.8211514328,497331.4590100772,1762,1013,976,3751,2.9999995498908305e-07,632323.1506115001,
eficiencia_detector,0.2681818181818182,13,20326,20327,5.0,0.1,0.2681818181818182,100.0,0.98,4,1024,2,0.001953125,0.001796999949,569838.6360944744,544737.7159382533,1775,983,973,3731,2.9999995498908305e-07,632323.1506115001,
eficiencia_detector,0.2681818181818182,14,20328,20329,5.0,0.1,0.2681818181818182,100.0,0.98,4,1024,2,0.001953125,0.001860999947,550241.8211514328,526004.1244694446,1736,1023,1073,3832,2.9999995498908305e-07,632323.1506115001,
eficiencia_detector,0.2681818181818182,15,20330,20331,5.0,0.1,0.2681818181818182,100.0,0.98,4,1024,5,0.0048828125,0.001860999947,550241.8211514328,497331.4590100772,1748,1015,978,3741,2.9999995498908305e-07,632323.1506115001,
eficiencia_detector,0.2681818181818182,16,20332,20333,5.0,0.1,0.2681818181818182,100.0,0.98,4,1024,5,0.0048828125,0.001860999947,550241.8211514328,497331.4590100772,1782,1023,1010,3815,2.9999995498908305e-07,632323.1506115001,
eficiencia_detector,0.2681818181818182,17,20334,20335,5.0,0.1,0.2681818181818182,100.0,0.98,4,1024,2,0.001953125,0.00176499995,580169.9881067985,554613.9804476582,1723,975,995,3693,2.9999995498908305e-07,632323.1506115001,
eficiencia_detector,0.2681818181818182,18,20336,20337,5.0,0.1,0.2681818181818182,100.0,0.98,4,1024,3,0.0029296875,0.001796999949,569838.6360944744,534299.1809203114,1720,1007,942,3669,2.9999995498908305e-07,632323.1506115001,
eficiencia_detector,0.2681818181818182,19,20338,20339,5.0,0.1,0.2681818181818182,100.0,0.98,4,1024,5,0.0048828125,0.001732999951,590882.8787958806,534064.5383891222,1647,980,962,3589,2.9999995498908305e-07,632323.1506115001,
eficiencia_detector,0.2681818181818182,20,20340,20341,5.0,0.1,0.2681818181818182,100.0,0.98,4,1024,2,0.001953125,0.001860999947,550241.8211514328,526004.1244694446,1747,1035,1032,3814,2.9999995498908305e-07,632323.1506115001,
eficiencia_detector,0.2681818181818182,21,20342,20343,5.0,0.1,0.2681818181818182,100.0,0.98,4,1024,5,0.0048828125,0.001796999949,569838.6360944744,515043.87597463775,1737,957,959,3653,2.9999995498908305e-07,632323.1506115001,
eficiencia_detector,0.2681818181818182,22,20344,20345,5.0,0.1,0.2681818181818182,100.0,0.98,4,1024,3,0.0029296875,0.0018289999479999999,559868.796672049,524951.1362285406,1735,1013,1033,3781,2.9999995498908305e-07,632323.1506115001,
eficiencia_detector,0.2681818181818182,23,20346,20347,5.0,0.1,0.2681818181818182,100.0,0.98,4,1024,3,0.0029296875,0.001860999947,550241.8211514328,515924.571847686,1797,1011,1019,3827,2.9999995498908305e-07,632323.1506115001,
eficiencia_detector,0.2681818181818182,24,20348,20349,5.0,0.1,0.2681818181818182,100.0,0.98,4,1024,4,0.00390625,0.001892999946,540940.3218229146,497855.0020980485,1771,969,1030,3770,2.9999995498908305e-07,632323.1506115001,
eficiencia_detector,0.2681818181818182,25,20350,20351,5.0,0.1,0.2681818181818182,100.0,0.98,4,1024,3,0.0029296875,0.001732999951,590882.8787958806,554030.9451887234,1669,931,1025,3625,2.9999995498908305e-07,632323.1506115001,
eficiencia_detector,0.2681818181818182,26,20352,20353,5.0,0.1,0.2681818181818182,100.0,0.98,4,1024,6,0.005859375,0.001796999949,569838.6360944744,505987.0321166442,1693,1045,1000,3738,2.9999995498908305e-07,632323.1506115001,
eficiencia_detector,0.2681818181818182,27,20354,20355,5.0,0.1,0.2681818181818182,100.0,0.98,4,1024,2,0.001953125,0.0018289999479999999,559868.796672049,535207.0396884549,1774,1042,1017,3833,2.9999995498908305e-07,632323.1506115001,
eficiencia_detector,0.2681818181818182,28,20356,20357,5.0,0.1,0.2681818181818182,100.0,0.98,4,1024,3,0.0029296875,0.001796999949,569838.6360944744,534299.1809203114,1705,1050,981,3736,2.9999995498908305e-07,632323.1506115001,
eficiencia_detector,0.2681818181818182,29,20358,20359,5.0,0.1,0.2681818181818182,100.0,0.98,4,1024,8,0.0078125,0.00176499995,580169.9881067985,497568.210244269,1672,965,973,3610,2.9999995498908305e-07,632323.1506115001,
eficiencia_detector,0.3409090909090909,0,20400,20401,5.0,0.1,0.3409090909090909,100.0,0.98,4,1024,7,0.0068359375,0.001540999957,664503.5876532474,579823.7578448929,1828,1020,1073,3921,2.9999995498908305e-07,801489.1401390878,
eficiencia_detector,0.3409090909090909,1,20402,20403,5.0,0.1,0.3409090909090909,100.0,0.98,4,1024,4,0.00390625,0.001540999957,664503.5876532474,611576.5855841849,1782,965,1036,3783,2.9999995498908305e-07,801489.1401390878,
eficiencia_detector,0.3409090909090909,2,20404,20405,5.0,0.1,0.3409090909090909,100.0,0.98,4,1024,3,0.0029296875,0.00144499996,708650.5386477658,664453.7214136265,1725,1035,1022,3782,2.9999995498908305e-07,801489.1401390878,
eficiencia_detector,0.3409090909090909,3,20406,20407,5.0,0.1,0.3409090909090909,100.0,0.98,4,1024,4,0.00390625,0.00144499996,708650.5386477658,652207.2790143439,1794,1086,1047,3927,2.9999995498908305e-07,801489.1401390878,
eficiencia_detector,0.3409090909090909,4,20408,20409,5.0,0.1,0.3409090909090909,100.0,0.98,4,1024,3,0.0029296875,0.0015089999579999999,678595.1149774651,636272.7817017881,1786,1045,1014,3845,2.9999995498908305e-07,801489.1401390878,
eficiencia_detector,0.3409090909090909,5,20410,20411,5.0,0.1,0.3409090909090909,100.0,0.98,4,1024,2,0.001953125,0.0015089999579999999,678595.1149774651,648703.5619648559,1813,1046,995,3854,2.9999995498908305e-07,801489.1401390878,
eficiencia_detector,0.3409090909090909,6,20412,20413,5.0,0.1,0.3409090909090909,100.0,0.98,4,1024,6,0.005859375,0.00144499996,708650.5386477658,629244.7723723612,1773,1007,1009,3789,2.9999995498908305e-07,801489.1401390878,
eficiencia_detector,0.3409090909090909,7,20414,20415,5.0,0.1,0.3409090909090909,100.0,0.98,4,1024,1,0.0009765625,0.001476999959,693297.2433481293,676564.203479208,1821,1028,1063,3912,2.9999995498908305e-07,801489.1401390878,
eficiencia_detector,0.3409090909090909,8,20416,20417,5.0,0.1,0.3409090909090909,100.0,0.98,4,1024,5,0.0048828125,0.00144499996,708650.5386477658,640507.8508508652,1727,1037,993,3757,2.9999995498908305e-07,801489.1401390878,
eficiencia_detector,0.3409090909090909,9,20418,20419,5.0,0.1,0.3409090909090909,100.0,0.98,4,1024,5,0.0048828125,0.0015089999579999999,678595.1149774651,613342.5080315253,1740,1075,1042,3857,2.9999995498908305e-07,801489.1401390878,
eficiencia_detector,0.3409090909090909,10,20420,20421,5.0,0.1,0.3409090909090909,100.0,0.98,4,1024,1,0.0009765625,0.0015089999579999999,678595.1149774651,662216.9175697605,1812,1013,1046,3871,2.9999995498908305e-07,801489.1401390878,
eficiencia_detector,0.3409090909090909,11,20422,20423,5.0,0.1,0.3409090909090909,100.0,0.98,4,1024,3,0.0029296875,0.001380999962,741491.6931040437,695246.6526313644,1710,970,968,3648,2.9999995498908305e-07,801489.1401390878,
eficiencia_detector,0.3409090909090909,12,20424,20425,5.0,0.1,0.3409090909090909,100.0,0.98,4,1024,5,0.0048828125,0.001540999957,664503.5876532474,600605.9991468166,1767,1140,1094,4001,2.9999995498908305e-07,801489.1401390878,
eficiencia_detector,0.3409090909090909,13,20426,20427,5.0,0.1,0.3409090909090909,100.0,0.98,4,1024,1,0.0009765625,0.001476999959,693297.2433481293,676564.203479208,1786,1082,1006,3874,2.9999995498908305e-07,801489.1401390878,
eficiencia_detector,0.3409090909090909,14,20428,20429,5.0,0.1,0.3409090909090909,100.0,0.98,4,1024,6,0.005859375,0.001476999959,693297.2433481293,615611.8457334846,1798,1050,965,3813,2.9999995498908305e-07,801489.1401390878,
eficiencia_detector,0.3409090909090909,15,20430,20431,5.0,0.1,0.3409090909090909,100.0,0.98,4,1024,4,0.00390625,0.0015089999579999999,678595.1149774651,624545.7377855247,1799,1070,1062,3931,2.9999995498908305e-07,801489.1401390878,
eficiencia_detector,0.3409090909090909,16,20432,20433,5.0,0.1,0.3409090909090909,100.0,0.98,4,1024,3,0.0029296875,0.001412999961,724699.2415168227,679501.5055662422,1673,1001,1035,3709,2.9999995498908305e-07,801489.1401390878,
eficiencia_detector,0.3409090909090909,17,20434,20435,5.0,0.1,0.3409090909090909,100.0,0.98,4,1024,2,0.001953125,0.001412999961,724699.2415168227,692776.8398993027,1746,988,982,3716,2.9999995498908305e-07,801489.1401390878,
eficiencia_detector,0.3409090909090909,18,20436,20437,5.0,0.1,0.3409090909090909,100.0,0.98,4,1024,7,0.0068359375,0.001412999961,724699.2415168227,632348.4858939487,1707,1038,967,3712,2.9999995498908305e-07,801489.1401390878,
eficiencia_detector,0.3409090909090909,19,20438,20439,5.0,0.1,0.3409090909090909,100.0,0.98,4,1024,4,0.00390625,0.001476999959,693297.2433481293,638076.8573111624,1810,1067,1062,3939,2.9999995498908305e-07,801489.1401390878,
eficiencia_detector,0.3409090909090909,20,20440,20441,5.0,0.1,0.3409090909090909,100.0,0.98,4,1024,5,0.0048828125,0.001412999961,724699.2415168227,655013.3364506062,1707,990,1037,3734,2.9999995498908305e-07,801489.1401390878,
eficiencia_detector,0.3409090909090909,21,20442,20443,5.0,0.1,0.3409090909090909,100.0,0.98,4,1024,6,0.005859375,0.001476999959,693297.2433481293,615611.8457334846,1794,976,979,3749,2.9999995498908305e-07,801489.1401390878,
eficiencia_detector,0.3409090909090909,22,20444,20445,5.0,0.1,0.3409090909090909,100.0,0.98,4,1024,6,0.005859375,0.001476999959,693297.2433481293,615611.8457334846,1756,1074,1008,3838,2.9999995498908305e-07,801489.1401390878,
eficiencia_detector,0.3409090909090909,23,20446,20447,5.0,0.1,0.3409090909090909,100.0,0.98,4,1024,4,0.00390625,0.001476999959,693297.2433481293,638076.8573111624,1719,1074,996,3789,2.9999995498908305e-07,801489.1401390878,
eficiencia_detector,0.3409090909090909,24,20448,20449,5.0,0.1,0.3409090909090909,100.0,0.98,4,1024,6,0.005859375,0.001380999962,741491.6931040437,658406.0071887758,1686,1002,941,3629,2.9999995498908305e-07,801489.1401390878,
eficiencia_detector,0.3409090909090909,25,20450,20451,5.0,0.1,0.3409090909090909,100.0,0.98,4,1024,3,0.0029296875,0.0015089999579999999,678595.1149774651,636272.7817017881,1914,1023,954,3891,2.9999995498908305e-07,801489.1401390878,
eficiencia_detector,0.3409090909090909,26,20452,20453,5.0,0.1,0.3409090909090909,100.0,0.98,4,1024,4,0.00390625,0.00144499996,708650.5386477658,652207.2790143439,1806,946,980,3732,2.9999995498908305e-07,801489.1401390878,
eficiencia_detector,0.3409090909090909,27,20454,20455,5.0,0.1,0.3409090909090909,100.0,0.98,4,1024,2,0.001953125,0.00144499996,708650.5386477658,677435.0691050661,1741,991,1003,3735,2.9999995498908305e-07,801489.1401390878,
eficiencia_detector,0.3409090909090909,28,20456,20457,5.0,0.1,0.3409090909090909,100.0,0.98,4,1024,3,0.0029296875,0.001412999961,724699.2415168227,679501.5055662422,1730,990,1021,3741,2.9999995498908305e-07,801489.1401390878,
eficiencia_detector,0.3409090909090909,29,20458,20459,5.0,0.1,0.3409090909090909,100.0,0.98,4,1024,2,0.001953125,0.001476999959,693297.2433481293,662758.0737525382,1822,1047,1019,3888,2.9999995498908305e-07,801489.1401390878,
eficiencia_detector,0.41363636363636364,0,20500,20501,5.0,0.1,0.41363636363636364,100.0,0.98,4,1024,4,0.00390625,0.001252999966,817238.6494701629,752146.4626180491,1726,1003,1085,3814,2.9999995498908305e-07,969680.6865004847,
eficiencia_detector,0.41363636363636364,1,20502,20503,5.0,0.1,0.41363636363636364,100.0,0.98,4,1024,5,0.0048828125,0.001284999965,796887.1812381722,720259.8008313458,1848,1063,1063,3974,2.9999995498908305e-07,969680.6865004847,
eficiencia_detector,0.41363636363636364,2,20504,20505,5.0,0.1,0.41363636363636364,100.0,0.98,4,1024,3,0.0029296875,0.001284999965,796887.1812381722,747187.2583782844,1869,1047,998,3914,2.9999995498908305e-07,969680.6865004847,
eficiencia_detector,0.41363636363636364,3,20506,20507,5.0,0.1,0.41363636363636364,100.0,0.98,4,1024,4,0.00390625,0.001220999967,838656.8613232403,771858.7367393727,1809,963,1019,3791,2.9999995498908305e-07,969680.6865004847,
eficiencia_detector,0.41363636363636364,4,20508,20509,5.0,0.1,0.41363636363636364,100.0,0.98,4,1024,3,0.0029296875,0.001252999966,817238.6494701629,766269.4548425402,1765,1018,1034,3817,2.9999995498908305e-07,969680.6865004847,
eficiencia_detector,0.41363636363636364,5,20510,20511,5.0,0.1,0.41363636363636364,100.0,0.98,4,1024,4,0.00390625,0.001284999965,796887.1812381722,733415.9671260657,1797,1034,1055,3886,2.9999995498908305e-07,969680.6865004847,
eficiencia_detector,0.41363636363636364,6,20512,20513,5.0,0.1,0.41363636363636364,100.0,0.98,4,1024,3,0.0029296875,0.001252999966,817238.6494701629,766269.4548425402,1812,1042,1020,3874,2.9999995498908305e-07,969680.6865004847,
eficiencia_detector,0.41363636363636364,7,20514,20515,5.0,0.1,0.41363636363636364,100.0,0.98,4,1024,1,0.0009765625,0.001284999965,796887.1812381722,777653.9517646274,1759,1043,1011,3813,2.9999995498908305e-07,969680.6865004847,
eficiencia_detector,0.41363636363636364,8,20516,20517,5.0,0.1,0.41363636363636364,100.0,0.98,4,1024,2,0.001953125,0.001252999966,817238.6494701629,781239.963544754,1772,1036,1019,3827,2.9999995498908305e-07,969680.6865004847,
eficiencia_detector,0.41363636363636364,9,20518,20519,5.0,0.1,0.41363636363636364,100.0,0.98,4,1024,2,0.001953125,0.001252999966,817238.6494701629,781239.963544754,1734,1071,1114,3919,2.9999995498908305e-07,969680.6865004847,
eficiencia_detector,0.41363636363636364,10,20520,20521,5.0,0.1,0.41363636363636364,100.0,0.98,4,1024,4,0.00390625,0.001252999966,817238.6494701629,752146.4626180491,1821,1034,996,3851,2.9999995498908305e-07,969680.6865004847,
eficiencia_detector,0.41363636363636364,11,20522,20523,5.0,0.1,0.41363636363636364,100.0,0.98,4,1024,6,0.005859375,0.001220999967,838656.8613232403,744683.6162840544,1749,1005,991,3745,2.9999995498908305e-07,969680.6865004847,
eficiencia_detector,0.41363636363636364,12,20524,20525,5.0,0.1,0.41363636363636364,100.0,0.98,4,1024,1,0.0009765625,0.001284999965,796887.1812381722,777653.9517646274,1877,1046,1046,3969,2.9999995498908305e-07,969680.6865004847,
eficiencia_detector,0.41363636363636364,13,20526,20527,5.0,0.1,0.41363636363636364,100.0,0.98,4,1024,3,0.0029296875,0.001220999967,838656.8613232403,786351.864712656,1719,1003,1011,3733,2.9999995498908305e-07,969680.6865004847,
eficiencia_detector,0.41363636363636364,14,20528,20529,5.0,0.1,0.41363636363636364,100.0,0.98,4,1024,8,0.0078125,0.001252999966,817238.6494701629,700884.1899703008,1744,1055,993,3792,2.9999995498908305e-07,969680.6865004847,
eficiencia_detector,0.41363636363636364,15,20530,20531,5.0,0.1,0.41363636363636364,100.0,0.98,4,1024,3,0.0029296875,0.001188999968,861227.9458026023,807515.2453364417,1654,1056,1018,3728,2.9999995498908305e-07,969680.6865004847,
eficiencia_detector,0.41363636363636364,16,20532,20533,5.0,0.1,0.41363636363636364,100.0,0.98,4,1024,3,0.0029296875,0.001252999966,817238.6494701629,766269.4548425402,1781,1032,999,3812,2.9999995498908305e-07,969680.6865004847,
eficiencia_detector,0.41363636363636364,17,20534,20535,5.0,0.1,0.41363636363636364,100.0,0.98,4,1024,3,0.0029296875,0.001316999964,777524.6985504094,729032.3668258972,1895,1035,1087,4017,2.9999995498908305e-07,969680.6865004847,
eficiencia_detector,0.41363636363636364,18,20536,20537,5.0,0.1,0.41363636363636364,100.0,0.98,4,1024,2,0.001953125,0.001284999965,796887.1812381722,761784.9606396043,1785,1034,975,3794,2.9999995498908305e-07,969680.6865004847,
eficiencia_detector,0.41363636363636364,19,20538,20539,5.0,0.1,0.41363636363636364,100.0,0.98,4,1024,3,0.0029296875,0.001252999966,817238.6494701629,766269.4548425402,1780,1089,1042,3911,2.9999995498908305e-07,969680.6865004847,
eficiencia_detector,0.41363636363636364,20,20540,20541,5.0,0.1,0.41363636363636364,100.0,0.98,4,1024,4,0.00390625,0.001220999967,838656.8613232403,771858.7367393727,1779,1068,1010,3857,2.9999995498908305e-07,969680.6865004847,
eficiencia_detector,0.41363636363636364,21,20542,20543,5.0,0.1,0.41363636363636364,100.0,0.98,4,1024,3,0.0029296875,0.001252999966,817238.6494701629,766269.4548425402,1764,1067,1042,3873,2.9999995498908305e-07,969680.6865004847,
eficiencia_detector,0.41363636363636364,22,20544,20545,5.0,0.1,0.41363636363636364,100.0,0.98,4,1024,1,0.0009765625,0.001284999965,796887.1812381722,777653.9517646274,1772,1035,1103,3910,2.9999995498908305e-07,969680.6865004847,
eficiencia_detector,0.41363636363636364,23,20546,20547,5.0,0.1,0.41363636363636364,100.0,0.98,4,1024,4,0.00390625,0.001252999966,817238.6494701629,752146.4626180491,1817,1036,985,3838,2.9999995498908305e-07,969680.6865004847,
eficiencia_detector,0.41363636363636364,24,20548,20549,5.0,0.1,0.41363636363636364,100.0,0.98,4,1024,3,0.0029296875,0.001252999966,817238.6494701629,766269.4548425402,1787,1040,1090,3917,2.9999995498908305e-07,969680.6865004847,
eficiencia_detector,0.41363636363636364,25,20550,20551,5.0,0.1,0.41363636363636364,100.0,0.98,4,1024,6,0.005859375,0.001316999964,777524.6985504094,690401.4394553704,1852,1036,1016,3904,2.9999995498908305e-07,969680.6865004847,
eficiencia_detector,0.41363636363636364,26,20552,20553,5.0,0.1,0.41363636363636364,100.0,0.98,4,1024,3,0.0029296875,0.001220999967,838656.8613232403,786351.864712656,1824,1030,1038,3892,2.9999995498908305e-07,969680.6865004847,
eficiencia_detector,0.41363636363636364,27,20554,20555,5.0,0.1,0.41363636363636364,100.0,0.98,4,1024,3,0.0029296875,0.001220999967,838656.8613232403,786351.864712656,1759,995,1015,3769,2.9999995498908305e-07,969680.6865004847,
eficiencia_detector,0.41363636363636364,28,20556,20557,5.0,0.1,0.41363636363636364,100.0,0.98,4,1024,4,0.00390625,0.001252999966,817238.6494701629,752146.4626180491,1750,1010,989,3749,2.9999995498908305e-07,969680.6865004847,
eficiencia_detector,0.41363636363636364,29,20558,20559,5.0,0.1,0.41363636363636364,100.0,0.98,4,1024,5,0.0048828125,0.001252999966,817238.6494701629,738654.3048471131,1811,1034,1029,3874,2.9999995498908305e-07,969680.6865004847,
eficiencia_detector,0.48636363636363633,0,20600,20601,5.0,0.1,0.48636363636363633,100.0,0.98,4,1024,2,0.001953125,0.001092999971,936871.022112772,895602.6292149078,1789,1026,1048,3863,2.9999995498908305e-07,1136903.4027594384,
eficiencia_detector,0.48636363636363633,1,20602,20603,5.0,0.1,0.48636363636363633,100.0,0.98,4,1024,7,0.0068359375,0.001060999972,965127.263924188,842137.9919758928,1750,1039,976,3765,2.9999995498908305e-07,1136903.4027594384,
eficiencia_detector,0.48636363636363633,2,20604,20605,5.0,0.1,0.48636363636363633,100.0,0.98,4,1024,5,0.0048828125,0.00112499997,910222.2464948155,822696.7498134123,1840,1031,1052,3923,2.9999995498908305e-07,1136903.4027594384,
eficiencia_detector,0.48636363636363633,3,20606,20607,5.0,0.1,0.48636363636363633,100.0,0.98,4,1024,9,0.0087890625,0.001092999971,936871.022112772,789845.365966503,1788,1065,1009,3862,2.9999995498908305e-07,1136903.4027594384,
eficiencia_detector,0.48636363636363633,4,20608,20609,5.0,0.1,0.48636363636363633,100.0,0.98,4,1024,5,0.0048828125,0.001092999971,936871.022112772,846783.022338421,1839,1089,1042,3970,2.9999995498908305e-07,1136903.4027594384,
eficiencia_detector,0.48636363636363633,5,20610,20611,5.0,0.1,0.48636363636363633,100.0,0.98,4,1024,6,0.005859375,0.001092999971,936871.022112772,831892.6761511059,1782,1096,1053,3931,2.9999995498908305e-07,1136903.4027594384,
eficiencia_detector,0.48636363636363633,6,20612,20613,5.0,0.1,0.48636363636363633,100.0,0.98,4,1024,7,0.0068359375,0.001092999971,936871.022112772,817482.5339556744,1838,1042,1099,3979,2.9999995498908305e-07,1136903.4027594384,
eficiencia_detector,0.48636363636363633,7,20614,20615,5.0,0.1,0.48636363636363633,100.0,0.98,4,1024,5,0.0048828125,0.001092999971,936871.022112772,846783.022338421,1881,1062,1095,4038,2.9999995498908305e-07,1136903.4027594384,
eficiencia_detector,0.48636363636363633,8,20616,20617,5.0,0.1,0.48636363636363633,100.0,0.98,4,1024,3,0.0029296875,0.001092999971,936871.022112772,878440.6462390854,1840,1025,1025,3890,2.9999995498908305e-07,1136903.4027594384,
eficiencia_detector,0.48636363636363633,9,20618,20619,5.0,0.1,0.48636363636363633,100.0,0.98,4,1024,3,0.0029296875,0.001092999971,936871.022112772,878440.6462390854,1806,1038,1073,3917,2.9999995498908305e-07,1136903.4027594384,
eficiencia_detector,0.48636363636363633,10,20620,20621,5.0,0.1,0.48636363636363633,100.0,0.98,4,1024,4,0.00390625,0.001028999973,995140.9396198302,915879.0250886,1789,1003,1028,3820,2.9999995498908305e-07,1136903.4027594384,
eficiencia_detector,0.48636363636363633,11,20622,20623,5.0,0.1,0.48636363636363633,100.0,0.98,4,1024,7,0.0068359375,0.001028999973,995140.9396198302,868326.9284270024,1773,1015,1029,3817,2.9999995498908305e-07,1136903.4027594384,
eficiencia_detector,0.48636363636363633,12,20624,20625,5.0,0.1,0.48636363636363633,100.0,0.98,4,1024,4,0.00390625,0.001092999971,936871.022112772,862250.2443665992,1862,1123,1031,4016,2.9999995498908305e-07,1136903.4027594384,
eficiencia_detector,0.48636363636363633,13,20626,20627,5.0,0.1,0.48636363636363633,100.0,0.98,4,1024,2,0.001953125,0.001060999972,965127.263924188,922614.2069675926,1855,989,1074,3918,2.9999995498908305e-07,1136903.4027594384,
eficiencia_detector,0.48636363636363633,14,20628,20629,5.0,0.1,0.48636363636363633,100.0,0.98,4,1024,1,0.0009765625,0.001060999972,965127.263924188,941833.4846097978,1834,1050,1066,3950,2.9999995498908305e-07,1136903.4027594384,
eficiencia_detector,0.48636363636363633,15,20630,20631,5.0,0.1,0.48636363636363633,100.0,0.98,4,1024,3,0.0029296875,0.001060999972,965127.263924188,904934.6147056652,1844,1002,992,3838,2.9999995498908305e-07,1136903.4027594384,
eficiencia_detector,0.48636363636363633,16,20632,20633,5.0,0.1,0.48636363636363633,100.0,0.98,4,1024,3,0.0029296875,0.001156999969,885047.560446391,829849.2883231369,1862,1018,1062,3942,2.9999995498908305e-07,1136903.4027594384,
eficiencia_detector,0.48636363636363633,17,20634,20635,5.0,0.1,0.48636363636363633,100.0,0.98,4,1024,6,0.005859375,0.001092999971,936871.022112772,831892.6761511059,1822,1111,1001,3934,2.9999995498908305e-07,1136903.4027594384,
eficiencia_detector,0.48636363636363633,18,20636,20637,5.0,0.1,0.48636363636363633,100.0,0.98,4,1024,4,0.00390625,0.00112499997,910222.2464948155,837724.0153059165,1828,1056,1103,3987,2.9999995498908305e-07,1136903.4027594384,
eficiencia_detector,0.48636363636363633,19,20638,20639,5.0,0.1,0.48636363636363633,100.0,0.98,4,1024,4,0.00390625,0.001092999971,936871.022112772,862250.2443665992,1773,1083,1080,3936,2.9999995498908305e-07,1136903.4027594384,
eficiencia_detector,0.48636363636363633,20,20640,20641,5.0,0.1,0.48636363636363633,100.0,0.98,4,1024,4,0.00390625,0.001092999971,936871.022112772,862250.2443665992,1773,1048,1074,3895,2.9999995498908305e-07,1136903.4027594384,
eficiencia_detector,0.48636363636363633,21,20642,20643,5.0,0.1,0.48636363636363633,100.0,0.98,4,1024,5,0.0048828125,0.001060999972,965127.263924188,872322.1897117886,1882,1086,979,3947,2.9999995498908305e-07,1136903.4027594384,
eficiencia_detector,0.48636363636363633,22,20644,20645,5.0,0.1,0.48636363636363633,100.0,0.98,4,1024,4,0.00390625,0.001060999972,965127.263924188,888255.9066527815,1747,996,1084,3827,2.9999995498908305e-07,1136903.4027594384,
eficiencia_detector,0.48636363636363633,23,20646,20647,5.0,0.1,0.48636363636363633,100.0,0.98,4,1024,6,0.005859375,0.00112499997,910222.2464948155,808229.9512490396,1796,1055,1078,3929,2.9999995498908305e-07,1136903.4027594384,
eficiencia_detector,0.48636363636363633,24,20648,20649,5.0,0.1,0.48636363636363633,100.0,0.98,4,1024,5,0.0048828125,0.001092999971,936871.022112772,846783.022338421,1830,1091,1071,3992,2.9999995498908305e-07,1136903.4027594384,
eficiencia_detector,0.48636363636363633,25,20650,20651,5.0,0.1,0.48636363636363633,100.0,0.98,4,1024,2,0.001953125,0.00112499997,910222.2464948155,870127.7101006659,1825,1064,1084,3973,2.9999995498908305e-07,1136903.4027594384,
eficiencia_detector,0.48636363636363633,26,20652,20653,5.0,0.1,0.48636363636363633,100.0,0.98,4,1024,4,0.00390625,0.001092999971,936871.022112772,862250.2443665992,1796,1057,970,3823,2.9999995498908305e-07,1136903.4027594384,
eficiencia_detector,0.48636363636363633,27,20654,20655,5.0,0.1,0.48636363636363633,100.0,0.98,4,1024,0,0.0,0.001060999972,965127.263924188,965127.263924081,1788,1077,1004,3869,2.9999995498908305e-07,1136903.4027594384,
eficiencia_detector,0.48636363636363633,28,20656,20657,5.0,0.1,0.48636363636363633,100.0,0.98,4,1024,6,0.005859375,0.001092999971,936871.022112772,831892.6761511059,1822,1083,1039,3944,2.9999995498908305e-07,1136903.4027594384,
eficiencia_detector,0.48636363636363633,29,20658,20659,5.0,0.1,0.48636363636363633,100.0,0.98,4,1024,5,0.0048828125,0.001060999972,965127.263924188,872322.1897117886,1800,1039,1010,3849,2.9999995498908305e-07,1136903.4027594384,
eficiencia_detector,0.5590909090909091,0,20700,20701,5.0,0.1,0.5590909090909091,100.0,0.98,4,1024,1,0.0009765625,0.000996999974,1027081.27051566,1002292.2034696642,1923,1097,1064,4084,2.9999995498908305e-07,1303162.8696469022,
eficiencia_detector,0.5590909090909091,1,20702,20703,5.0,0.1,0.5590909090909091,100.0,0.98,4,1024,4,0.00390625,0.000964999975,1061139.9238637285,976621.2606248364,1801,1063,1045,3909,2.9999995498908305e-07,1303162.8696469022,
eficiencia_detector,0.5590909090909091,2,20704,20705,5.0,0.1,0.5590909090909091,100.0,0.98,4,1024,1,0.0009765625,0.000964999975,1061139.9238637285,1035528.8359459883,1833,1113,1149,4095,2.9999995498908305e-07,1303162.8696469022,
eficiencia_detector,0.5590909090909091,3,20706,20707,5.0,0.1,0.5590909090909091,100.0,0.98,4,1024,4,0.00390625,0.000996999974,1027081.27051566,945275.3426926727,1900,1081,1099,4080,2.9999995498908305e-07,1303162.8696469022,
eficiencia_detector,0.5590909090909091,4,20708,20709,5.0,0.1,0.5590909090909091,100.0,0.98,4,1024,4,0.00390625,0.000996999974,1027081.27051566,945275.3426926727,1831,1092,1073,3996,2.9999995498908305e-07,1303162.8696469022,
eficiencia_detector,0.5590909090909091,5,20710,20711,5.0,0.1,0.5590909090909091,100.0,0.98,4,1024,5,0.0048828125,0.000964999975,1061139.9238637285,959102.4278101005,1873,1042,1019,3934,2.9999995498908305e-07,1303162.8696469022,
eficiencia_detector,0.5590909090909091,6,20712,20713,5.0,0.1,0.5590909090909091,100.0,0.98,4,1024,3,0.0029296875,0.000964999975,1061139.9238637285,994959.1976564988,1817,1099,1065,3981,2.9999995498908305e-07,1303162.8696469022,
eficiencia_detector,0.5590909090909091,7,20714,20715,5.0,0.1,0.5590909090909091,100.0,0.98,4,1024,2,0.001953125,0.000996999974,1027081.27051566,981839.1908598163,1793,1028,1099,3920,2.9999995498908305e-07,1303162.8696469022,
eficiencia_detector,0.5590909090909091,8,20716,20717,5.0,0.1,0.5590909090909091,100.0,0.98,4,1024,4,0.00390625,0.000964999975,1061139.9238637285,976621.2606248364,1777,1042,1044,3863,2.9999995498908305e-07,1303162.8696469022,
eficiencia_detector,0.5590909090909091,9,20718,20719,5.0,0.1,0.5590909090909091,100.0,0.98,4,1024,2,0.001953125,0.000964999975,1061139.9238637285,1014397.5887247227,1873,1024,1094,3991,2.9999995498908305e-07,1303162.8696469022,
eficiencia_detector,0.5590909090909091,10,20720,20721,5.0,0.1,0.5590909090909091,100.0,0.98,4,1024,3,0.0029296875,0.000964999975,1061139.9238637285,994959.1976564988,1829,1031,1026,3886,2.9999995498908305e-07,1303162.8696469022,
eficiencia_detector,0.5590909090909091,11,20722,20723,5.0,0.1,0.5590909090909091,100.0,0.98,4,1024,4,0.00390625,0.001028999973,995140.9396198302,915879.0250886,1892,1158,1160,4210,2.9999995498908305e-07,1303162.8696469022,
eficiencia_detector,0.5590909090909091,12,20724,20725,5.0,0.1,0.5590909090909091,100.0,0.98,4,1024,2,0.001953125,0.000964999975,1061139.9238637285,1014397.5887247227,1769,1107,1062,3938,2.9999995498908305e-07,1303162.8696469022,
eficiencia_detector,0.5590909090909091,13,20726,20727,5.0,0.1,0.5590909090909091,100.0,0.98,4,1024,3,0.0029296875,0.001028999973,995140.9396198302,933076.4101628809,1836,1173,1097,4106,2.9999995498908305e-07,1303162.8696469022,
eficiencia_detector,0.5590909090909091,14,20728,20729,5.0,0.1,0.5590909090909091,100.0,0.98,4,1024,2,0.001953125,0.000932999976,1097534.862101647,1049189.3600642686,1870,1015,1039,3924,2.9999995498908305e-07,1303162.8696469022,
eficiencia_detector,0.5590909090909091,15,20730,20731,5.0,0.1,0.5590909090909091,100.0,0.98,4,1024,2,0.001953125,0.000996999974,1027081.27051566,981839.1908598163,1869,1137,1114,4120,2.9999995498908305e-07,1303162.8696469022,
eficiencia_detector,0.5590909090909091,16,20732,20733,5.0,0.1,0.5590909090909091,100.0,0.98,4,1024,2,0.001953125,0.000996999974,1027081.27051566,981839.1908598163,1786,1117,1087,3990,2.9999995498908305e-07,1303162.8696469022,
eficiencia_detector,0.5590909090909091,17,20734,20735,5.0,0.1,0.5590909090909091,100.0,0.98,4,1024,4,0.00390625,0.000996999974,1027081.27051566,945275.3426926727,1807,1076,1104,3987,2.9999995498908305e-07,1303162.8696469022,
eficiencia_detector,0.5590909090909091,18,20736,20737,5.0,0.1,0.5590909090909091,100.0,0.98,4,1024,3,0.0029296875,0.000996999974,1027081.27051566,963024.7000031932,1930,1119,1055,4104,2.9999995498908305e-07,1303162.8696469022,
eficiencia_detector,0.5590909090909091,19,20738,20739,5.0,0.1,0.5590909090909091,100.0,0.98,4,1024,3,0.0029296875,0.000964999975,1061139.9238637285,994959.1976564988,1875,1059,1060,3994,2.9999995498908305e-07,1303162.8696469022,
eficiencia_detector,0.5590909090909091,20,20740,20741,5.0,0.1,0.5590909090909091,100.0,0.98,4,1024,2,0.001953125,0.000964999975,1061139.9238637285,1014397.5887247227,1822,1097,1074,3993,2.9999995498908305e-07,1303162.8696469022,
eficiencia_detector,0.5590909090909091,21,20742,20743,5.0,0.1,0.5590909090909091,100.0,0.98,4,1024,2,0.001953125,0.000996999974,1027081.27051566,981839.1908598163,1851,1071,1086,4008,2.9999995498908305e-07,1303162.8696469022,
eficiencia_detector,0.5590909090909091,22,20744,20745,5.0,0.1,0.5590909090909091,100.0,0.98,4,1024,9,0.0087890625,0.000964999975,1061139.9238637285,894612.4191307591,1826,1077,1023,3926,2.9999995498908305e-07,1303162.8696469022,
eficiencia_detector,0.5590909090909091,23,20746,20747,5.0,0.1,0.5590909090909091,100.0,0.98,4,1024,3,0.0029296875,0.000932999976,1097534.862101647,1029084.2717712368,1766,1041,1053,3860,2.9999995498908305e-07,1303162.8696469022,
eficiencia_detector,0.5590909090909091,24,20748,20749,5.0,0.1,0.5590909090909091,100.0,0.98,4,1024,4,0.00390625,0.000996999974,1027081.27051566,945275.3426926727,1850,1051,1111,4012,2.9999995498908305e-07,1303162.8696469022,
eficiencia_detector,0.5590909090909091,25,20750,20751,5.0,0.1,0.5590909090909091,100.0,0.98,4,1024,8,0.0078125,0.001028999973,995140.9396198302,853457.6183149465,1981,1100,1153,4234,2.9999995498908305e-07,1303162.8696469022,
eficiencia_detector,0.5590909090909091,26,20752,20753,5.0,0.1,0.5590909090909091,100.0,0.98,4,1024,1,0.0009765625,0.000996999974,1027081.27051566,1002292.2034696642,1891,1137,1081,4109,2.9999995498908305e-07,1303162.8696469022,
eficiencia_detector,0.5590909090909091,27,20754,20755,5.0,0.1,0.5590909090909091,100.0,0.98,4,1024,1,0.0009765625,0.000964999975,1061139.9238637285,1035528.8359459883,1870,1071,1028,3969,2.9999995498908305e-07,1303162.8696469022,
eficiencia_detector,0.5590909090909091,28,20756,20757,5.0,0.1,0.5590909090909091,100.0,0.98,4,1024,3,0.0029296875,0.000996999974,1027081.27051566,963024.7000031932,1846,1075,1059,3980,2.9999995498908305e-07,1303162.8696469022,
eficiencia_detector,0.5590909090909091,29,20758,20759,5.0,0.1,0.5590909090909091,100.0,0.98,4,1024,1,0.0009765625,0.000964999975,1061139.9238637285,1035528.8359459883,1790,1097,1050,3937,2.9999995498908305e-07,1303162.8696469022,
eficiencia_detector,0.6318181818181818,0,20800,20801,5.0,0.1,0.6318181818181818,100.0,0.98,4,1024,0,0.0,0.000900999977,1136515.0123638683,1136515.0123637423,1922,1053,1052,4027,2.9999995498908305e-07,1468464.6357472485,
eficiencia_detector,0.6318181818181818,1,20802,20803,5.0,0.1,0.6318181818181818,100.0,0.98,4,1024,9,0.0087890625,0.000868999978,1178365.9676916585,993441.8687590256,1830,1045,1062,3937,2.9999995498908305e-07,1468464.6357472485,
eficiencia_detector,0.6318181818181818,2,20804,20805,5.0,0.1,0.6318181818181818,100.0,0.98,4,1024,4,0.00390625,0.0008369999789999999,1223416.9960474994,1125973.13707631,1836,1065,1064,3965,2.9999995498908305e-07,1468464.6357472485,
eficiencia_detector,0.6318181818181818,3,20806,20807,5.0,0.1,0.6318181818181818,100.0,0.98,4,1024,4,0.00390625,0.000868999978,1178365.9676916585,1084510.3750824672,1802,1070,1060,3932,2.9999995498908305e-07,1468464.6357472485,
eficiencia_detector,0.6318181818181818,4,20808,20809,5.0,0.1,0.6318181818181818,100.0,0.98,4,1024,3,0.0029296875,0.000868999978,1178365.9676916585,1104874.137136677,1813,1060,1046,3919,2.9999995498908305e-07,1468464.6357472485,
eficiencia_detector,0.6318181818181818,5,20810,20811,5.0,0.1,0.6318181818181818,100.0,0.98,4,1024,5,0.0048828125,0.000900999977,1136515.0123638683,1027229.5699061782,1918,1067,1061,4046,2.9999995498908305e-07,1468464.6357472485,
eficiencia_detector,0.6318181818181818,6,20812,20813,5.0,0.1,0.6318181818181818,100.0,0.98,4,1024,2,0.001953125,0.000868999978,1178365.9676916585,1126459.9223723086,1834,1051,1067,3952,2.9999995498908305e-07,1468464.6357472485,
eficiencia_detector,0.6318181818181818,7,20814,20815,5.0,0.1,0.6318181818181818,100.0,0.98,4,1024,1,0.0009765625,0.000868999978,1178365.9676916585,1149925.576637538,1837,1061,1067,3965,2.9999995498908305e-07,1468464.6357472485,
eficiencia_detector,0.6318181818181818,8,20816,20817,5.0,0.1,0.6318181818181818,100.0,0.98,4,1024,3,0.0029296875,0.000900999977,1136515.0123638683,1065633.324499565,1878,1071,1085,4034,2.9999995498908305e-07,1468464.6357472485,
eficiencia_detector,0.6318181818181818,9,20818,20819,5.0,0.1,0.6318181818181818,100.0,0.98,4,1024,5,0.0048828125,0.000868999978,1178365.9676916585,1065056.205167345,1857,1041,1065,3963,2.9999995498908305e-07,1468464.6357472485,
eficiencia_detector,0.6318181818181818,10,20820,20821,5.0,0.1,0.6318181818181818,100.0,0.98,4,1024,2,0.001953125,0.000900999977,1136515.0123638683,1086452.4669787176,1928,1125,1063,4116,2.9999995498908305e-07,1468464.6357472485,
eficiencia_detector,0.6318181818181818,11,20822,20823,5.0,0.1,0.6318181818181818,100.0,0.98,4,1024,2,0.001953125,0.000868999978,1178365.9676916585,1126459.9223723086,1834,1066,1077,3977,2.9999995498908305e-07,1468464.6357472485,
eficiencia_detector,0.6318181818181818,12,20824,20825,5.0,0.1,0.6318181818181818,100.0,0.98,4,1024,3,0.0029296875,0.000868999978,1178365.9676916585,1104874.137136677,1916,1063,1084,4063,2.9999995498908305e-07,1468464.6357472485,
eficiencia_detector,0.6318181818181818,13,20826,20827,5.0,0.1,0.6318181818181818,100.0,0.98,4,1024,1,0.0009765625,0.000868999978,1178365.9676916585,1149925.576637538,1912,1045,1070,4027,2.9999995498908305e-07,1468464.6357472485,
eficiencia_detector,0.6318181818181818,14,20828,20829,5.0,0.1,0.6318181818181818,100.0,0.98,4,1024,1,0.0009765625,0.000900999977,1136515.0123638683,1109084.7128841358,1908,1116,1006,4030,2.9999995498908305e-07,1468464.6357472485,
eficiencia_detector,0.6318181818181818,15,20830,20831,5.0,0.1,0.6318181818181818,100.0,0.98,4,1024,4,0.00390625,0.000868999978,1178365.9676916585,1084510.3750824672,1794,1104,1110,4008,2.9999995498908305e-07,1468464.6357472485,
eficiencia_detector,0.6318181818181818,16,20832,20833,5.0,0.1,0.6318181818181818,100.0,0.98,4,1024,3,0.0029296875,0.000900999977,1136515.0123638683,1065633.324499565,1859,1063,1103,4025,2.9999995498908305e-07,1468464.6357472485,
eficiencia_detector,0.6318181818181818,17,20834,20835,5.0,0.1,0.6318181818181818,100.0,0.98,4,1024,3,0.0029296875,0.000868999978,1178365.9676916585,1104874.137136677,1852,1033,1038,3923,2.9999995498908305e-07,1468464.6357472485,
eficiencia_detector,0.6318181818181818,18,20836,20837,5.0,0.1,0.6318181818181818,100.0,0.98,4,1024,3,0.0029296875,0.000932999976,1097534.862101647,1029084.2717712368,1975,1197,1099,4271,2.9999995498908305e-07,1468464.6357472485,
eficiencia_detector,0.6318181818181818,19,20838,20839,5.0,0.1,0.6318181818181818,100.0,0.98,4,1024,6,0.005859375,0.000900999977,1136515.0123638683,1009166.1421965508,1934,1083,1154,4171,2.9999995498908305e-07,1468464.6357472485,
eficiencia_detector,0.6318181818181818,20,20840,20841,5.0,0.1,0.6318181818181818,100.0,0.98,4,1024,2,0.001953125,0.000868999978,1178365.9676916585,1126459.9223723086,1818,1091,1076,3985,2.9999995498908305e-07,1468464.6357472485,
eficiencia_detector,0.6318181818181818,21,20842,20843,5.0,0.1,0.6318181818181818,100.0,0.98,4,1024,6,0.005859375,0.000868999978,1178365.9676916585,1046327.6109637266,1769,1072,1047,3888,2.9999995498908305e-07,1468464.6357472485,
eficiencia_detector,0.6318181818181818,22,20844,20845,5.0,0.1,0.6318181818181818,100.0,0.98,4,1024,3,0.0029296875,0.000900999977,1136515.0123638683,1065633.324499565,1967,1035,1089,4091,2.9999995498908305e-07,1468464.6357472485,
eficiencia_detector,0.6318181818181818,23,20846,20847,5.0,0.1,0.6318181818181818,100.0,0.98,4,1024,3,0.0029296875,0.000868999978,1178365.9676916585,1104874.137136677,1874,1041,1070,3985,2.9999995498908305e-07,1468464.6357472485,
eficiencia_detector,0.6318181818181818,24,20848,20849,5.0,0.1,0.6318181818181818,100.0,0.98,4,1024,1,0.0009765625,0.000900999977,1136515.0123638683,1109084.7128841358,1895,1024,1043,3962,2.9999995498908305e-07,1468464.6357472485,
eficiencia_detector,0.6318181818181818,25,20850,20851,5.0,0.1,0.6318181818181818,100.0,0.98,4,1024,1,0.0009765625,0.000868999978,1178365.9676916585,1149925.576637538,1864,1111,1112,4087,2.9999995498908305e-07,1468464.6357472485,
eficiencia_detector,0.6318181818181818,26,20852,20853,5.0,0.1,0.6318181818181818,100.0,0.98,4,1024,5,0.0048828125,0.0008369999789999999,1223416.9960474994,1105775.1996182385,1859,1103,1005,3967,2.9999995498908305e-07,1468464.6357472485,
eficiencia_detector,0.6318181818181818,27,20854,20855,5.0,0.1,0.6318181818181818,100.0,0.98,4,1024,6,0.005859375,0.000900999977,1136515.0123638683,1009166.1421965508,1912,1071,1103,4086,2.9999995498908305e-07,1468464.6357472485,
eficiencia_detector,0.6318181818181818,28,20856,20857,5.0,0.1,0.6318181818181818,100.0,0.98,4,1024,2,0.001953125,0.000900999977,1136515.0123638683,1086452.4669787176,1885,1073,1079,4037,2.9999995498908305e-07,1468464.6357472485,
eficiencia_detector,0.6318181818181818,29,20858,20859,5.0,0.1,0.6318181818181818,100.0,0.98,4,1024,5,0.0048828125,0.000900999977,1136515.0123638683,1027229.5699061782,1877,1034,1103,4014,2.9999995498908305e-07,1468464.6357472485,
eficiencia_detector,0.7045454545454546,0,20900,20901,5.0,0.1,0.7045454545454546,100.0,0.98,4,1024,1,0.0009765625,0.00080499998,1272049.7210447136,1241348.2305920776,1856,1180,1102,4138,2.9999995498908305e-07,1632814.217683476,
eficiencia_detector,0.7045454545454546,1,20902,20903,5.0,0.1,0.7045454545454546,100.0,0.98,4,1024,3,0.0029296875,0.0008369999789999999,1223416.9960474994,1147115.441999959,1946,1125,1114,4185,2.9999995498908305e-07,1632814.217683476,
eficiencia_detector,0.7045454545454546,2,20904,20905,5.0,0.1,0.7045454545454546,100.0,0.98,4,1024,10,0.009765625,0.00080499998,1272049.7210447136,1054340.51184916,1942,1070,1119,4131,2.9999995498908305e-07,1632814.217683476,
eficiencia_detector,0.7045454545454546,3,20906,20907,5.0,0.1,0.7045454545454546,100.0,0.98,4,1024,3,0.0029296875,0.00080499998,1272049.7210447136,1192715.0617625376,1868,1109,1093,4070,2.9999995498908305e-07,1632814.217683476,
eficiencia_detector,0.7045454545454546,4,20908,20909,5.0,0.1,0.7045454545454546,100.0,0.98,4,1024,6,0.005859375,0.00080499998,1272049.7210447136,1129513.9049671418,1879,1069,1100,4048,2.9999995498908305e-07,1632814.217683476,
eficiencia_detector,0.7045454545454546,5,20910,20911,5.0,0.1,0.7045454545454546,100.0,0.98,4,1024,7,0.0068359375,0.00080499998,1272049.7210447136,1109948.3330503418,1872,1061,1088,4021,2.9999995498908305e-07,1632814.217683476,
eficiencia_detector,0.7045454545454546,6,20912,20913,5.0,0.1,0.7045454545454546,100.0,0.98,4,1024,4,0.00390625,0.00080499998,1272049.7210447136,1170732.3173938908,1886,1094,1061,4041,2.9999995498908305e-07,1632814.217683476,
eficiencia_detector,0.7045454545454546,7,20914,20915,5.0,0.1,0.7045454545454546,100.0,0.98,4,1024,2,0.001953125,0.00080499998,1272049.7210447136,1216016.9839500093,1895,1127,1049,4071,2.9999995498908305e-07,1632814.217683476,
eficiencia_detector,0.7045454545454546,8,20916,20917,5.0,0.1,0.7045454545454546,100.0,0.98,4,1024,4,0.00390625,0.00080499998,1272049.7210447136,1170732.3173938908,1872,1118,1094,4084,2.9999995498908305e-07,1632814.217683476,
eficiencia_detector,0.7045454545454546,9,20918,20919,5.0,0.1,0.7045454545454546,100.0,0.98,4,1024,6,0.005859375,0.0008369999789999999,1223416.9960474994,1086330.5779225964,1961,1126,1132,4219,2.9999995498908305e-07,1632814.217683476,
eficiencia_detector,0.7045454545454546,10,20920,20921,5.0,0.1,0.7045454545454546,100.0,0.98,4,1024,1,0.0009765625,0.000772999981,1324708.958822083,1292736.5140512956,1815,1069,1073,3957,2.9999995498908305e-07,1632814.217683476,
eficiencia_detector,0.7045454545454546,11,20922,20923,5.0,0.1,0.7045454545454546,100.0,0.98,4,1024,2,0.001953125,0.00080499998,1272049.7210447136,1216016.9839500093,1882,1072,1080,4034,2.9999995498908305e-07,1632814.217683476,
eficiencia_detector,0.7045454545454546,12,20924,20925,5.0,0.1,0.7045454545454546,100.0,0.98,4,1024,2,0.001953125,0.0008369999789999999,1223416.9960474994,1169526.490226373,1956,1151,1092,4199,2.9999995498908305e-07,1632814.217683476,
eficiencia_detector,0.7045454545454546,13,20926,20927,5.0,0.1,0.7045454545454546,100.0,0.98,4,1024,5,0.0048828125,0.00080499998,1272049.7210447136,1149731.4805637465,1842,1099,1133,4074,2.9999995498908305e-07,1632814.217683476,
eficiencia_detector,0.7045454545454546,14,20928,20929,5.0,0.1,0.7045454545454546,100.0,0.98,4,1024,2,0.001953125,0.0008369999789999999,1223416.9960474994,1169526.490226373,1961,1094,1111,4166,2.9999995498908305e-07,1632814.217683476,
eficiencia_detector,0.7045454545454546,15,20930,20931,5.0,0.1,0.7045454545454546,100.0,0.98,4,1024,3,0.0029296875,0.00080499998,1272049.7210447136,1192715.0617625376,1930,1068,1126,4124,2.9999995498908305e-07,1632814.217683476,
eficiencia_detector,0.7045454545454546,16,20932,20933,5.0,0.1,0.7045454545454546,100.0,0.98,4,1024,2,0.001953125,0.00080499998,1272049.7210447136,1216016.9839500093,1866,1137,1073,4076,2.9999995498908305e-07,1632814.217683476,
eficiencia_detector,0.7045454545454546,17,20934,20935,5.0,0.1,0.7045454545454546,100.0,0.98,4,1024,3,0.0029296875,0.0008369999789999999,1223416.9960474994,1147115.441999959,1963,1128,1058,4149,2.9999995498908305e-07,1632814.217683476,
eficiencia_detector,0.7045454545454546,18,20936,20937,5.0,0.1,0.7045454545454546,100.0,0.98,4,1024,4,0.00390625,0.00080499998,1272049.7210447136,1170732.3173938908,1908,1140,1050,4098,2.9999995498908305e-07,1632814.217683476,
eficiencia_detector,0.7045454545454546,19,20938,20939,5.0,0.1,0.7045454545454546,100.0,0.98,4,1024,4,0.00390625,0.0008369999789999999,1223416.9960474994,1125973.13707631,1951,1155,1087,4193,2.9999995498908305e-07,1632814.217683476,
eficiencia_detector,0.7045454545454546,20,20940,20941,5.0,0.1,0.7045454545454546,100.0,0.98,4,1024,5,0.0048828125,0.0008369999789999999,1223416.9960474994,1105775.1996182385,1947,1076,1098,4121,2.9999995498908305e-07,1632814.217683476,
eficiencia_detector,0.7045454545454546,21,20942,20943,5.0,0.1,0.7045454545454546,100.0,0.98,4,1024,4,0.00390625,0.0008369999789999999,1223416.9960474994,1125973.13707631,1883,1094,1172,4149,2.9999995498908305e-07,1632814.217683476,
eficiencia_detector,0.7045454545454546,22,20944,20945,5.0,0.1,0.7045454545454546,100.0,0.98,4,1024,3,0.0029296875,0.000868999978,1178365.9676916585,1104874.137136677,1928,1181,1164,4273,2.9999995498908305e-07,1632814.217683476,
eficiencia_detector,0.7045454545454546,23,20946,20947,5.0,0.1,0.7045454545454546,100.0,0.98,4,1024,2,0.001953125,0.00080499998,1272049.7210447136,1216016.9839500093,1874,1100,1085,4059,2.9999995498908305e-07,1632814.217683476,
eficiencia_detector,0.7045454545454546,24,20948,20949,5.0,0.1,0.7045454545454546,100.0,0.98,4,1024,5,0.0048828125,0.00080499998,1272049.7210447136,1149731.4805637465,1951,1130,1101,4182,2.9999995498908305e-07,1632814.217683476,
eficiencia_detector,0.7045454545454546,25,20950,20951,5.0,0.1,0.7045454545454546,100.0,0.98,4,1024,3,0.0029296875,0.00080499998,1272049.7210447136,1192715.0617625376,1895,1039,1062,3996,2.9999995498908305e-07,1632814.217683476,
eficiencia_detector,0.7045454545454546,26,20952,20953,5.0,0.1,0.7045454545454546,100.0,0.98,4,1024,2,0.001953125,0.00080499998,1272049.7210447136,1216016.9839500093,1918,1040,1102,4060,2.9999995498908305e-07,1632814.217683476,
eficiencia_detector,0.7045454545454546,27,20954,20955,5.0,0.1,0.7045454545454546,100.0,0.98,4,1024,5,0.0048828125,0.0008369999789999999,1223416.9960474994,1105775.1996182385,1919,1131,1134,4184,2.9999995498908305e-07,1632814.217683476,
eficiencia_detector,0.7045454545454546,28,20956,20957,5.0,0.1,0.7045454545454546,100.0,0.98,4,1024,6,0.005859375,0.0008369999789999999,1223416.9960474994,1086330.5779225964,1938,1144,1115,4197,2.9999995498908305e-07,1632814.217683476,
eficiencia_detector,0.7045454545454546,29,20958,20959,5.0,0.1,0.7045454545454546,100.0,0.98,4,1024,3,0.0029296875,0.00080499998,1272049.7210447136,1192715.0617625376,1844,1130,1101,4075,2.9999995498908305e-07,1632814.217683476,
eficiencia_detector,0.7772727272727273,0,21000,21001,5.0,0.1,0.7772727272727273,100.0,0.98,4,1024,6,0.005859375,0.000772999981,1324708.958822083,1176272.5656629363,1917,1136,1142,4195,2.9999995498908305e-07,1796217.100301288,
eficiencia_detector,0.7772727272727273,1,21002,21003,5.0,0.1,0.7772727272727273,100.0,0.98,4,1024,3,0.0029296875,0.000772999981,1324708.958822083,1242090.070458283,1931,1154,1193,4278,2.9999995498908305e-07,1796217.100301288,
eficiencia_detector,0.7772727272727273,2,21004,21005,5.0,0.1,0.7772727272727273,100.0,0.98,4,1024,7,0.0068359375,0.000772999981,1324708.958822083,1155897.0347588642,1974,1139,1124,4237,2.9999995498908305e-07,1796217.100301288,
eficiencia_detector,0.7772727272727273,3,21006,21007,5.0,0.1,0.7772727272727273,100.0,0.98,4,1024,4,0.00390625,0.000772999981,1324708.958822083,1219197.3030429294,1939,1127,1144,4210,2.9999995498908305e-07,1796217.100301288,
eficiencia_detector,0.7772727272727273,4,21008,21009,5.0,0.1,0.7772727272727273,100.0,0.98,4,1024,6,0.005859375,0.000772999981,1324708.958822083,1176272.5656629363,2002,1084,1122,4208,2.9999995498908305e-07,1796217.100301288,
eficiencia_detector,0.7772727272727273,5,21010,21011,5.0,0.1,0.7772727272727273,100.0,0.98,4,1024,3,0.0029296875,0.000772999981,1324708.958822083,1242090.070458283,1931,1134,1100,4165,2.9999995498908305e-07,1796217.100301288,
eficiencia_detector,0.7772727272727273,6,21012,21013,5.0,0.1,0.7772727272727273,100.0,0.98,4,1024,2,0.001953125,0.000772999981,1324708.958822083,1266356.625899345,1951,1174,1110,4235,2.9999995498908305e-07,1796217.100301288,
eficiencia_detector,0.7772727272727273,7,21014,21015,5.0,0.1,0.7772727272727273,100.0,0.98,4,1024,4,0.00390625,0.000772999981,1324708.958822083,1219197.3030429294,1965,1101,1146,4212,2.9999995498908305e-07,1796217.100301288,
eficiencia_detector,0.7772727272727273,8,21016,21017,5.0,0.1,0.7772727272727273,100.0,0.98,4,1024,2,0.001953125,0.000772999981,1324708.958822083,1266356.625899345,1975,1116,1102,4193,2.9999995498908305e-07,1796217.100301288,
eficiencia_detector,0.7772727272727273,9,21018,21019,5.0,0.1,0.7772727272727273,100.0,0.98,4,1024,7,0.0068359375,0.000740999982,1381916.362853569,1205814.3152647992,1931,1066,1087,4084,2.9999995498908305e-07,1796217.100301288,
eficiencia_detector,0.7772727272727273,10,21020,21021,5.0,0.1,0.7772727272727273,100.0,0.98,4,1024,4,0.00390625,0.000772999981,1324708.958822083,1219197.3030429294,1964,1096,1113,4173,2.9999995498908305e-07,1796217.100301288,
eficiencia_detector,0.7772727272727273,11,21022,21023,5.0,0.1,0.7772727272727273,100.0,0.98,4,1024,3,0.0029296875,0.000772999981,1324708.958822083,1242090.070458283,2011,1121,1137,4269,2.9999995498908305e-07,1796217.100301288,
eficiencia_detector,0.7772727272727273,12,21024,21025,5.0,0.1,0.7772727272727273,100.0,0.98,4,1024,4,0.00390625,0.000740999982,1381916.362853569,1271848.1983545255,1905,1144,1115,4164,2.9999995498908305e-07,1796217.100301288,
eficiencia_detector,0.7772727272727273,13,21026,21027,5.0,0.1,0.7772727272727273,100.0,0.98,4,1024,3,0.0029296875,0.000740999982,1381916.362853569,1295729.5872978058,1924,1040,1121,4085,2.9999995498908305e-07,1796217.100301288,
eficiencia_detector,0.7772727272727273,14,21028,21029,5.0,0.1,0.7772727272727273,100.0,0.98,4,1024,2,0.001953125,0.000740999982,1381916.362853569,1321044.091144685,1859,1148,1108,4115,2.9999995498908305e-07,1796217.100301288,
eficiencia_detector,0.7772727272727273,15,21030,21031,5.0,0.1,0.7772727272727273,100.0,0.98,4,1024,1,0.0009765625,0.000740999982,1381916.362853569,1348563.1917325174,1892,1103,1149,4144,2.9999995498908305e-07,1796217.100301288,
eficiencia_detector,0.7772727272727273,16,21032,21033,5.0,0.1,0.7772727272727273,100.0,0.98,4,1024,5,0.0048828125,0.000772999981,1324708.958822083,1197327.0913433388,1957,1120,1115,4192,2.9999995498908305e-07,1796217.100301288,
eficiencia_detector,0.7772727272727273,17,21034,21035,5.0,0.1,0.7772727272727273,100.0,0.98,4,1024,4,0.00390625,0.000740999982,1381916.362853569,1271848.1983545255,1883,1069,1142,4094,2.9999995498908305e-07,1796217.100301288,
eficiencia_detector,0.7772727272727273,18,21036,21037,5.0,0.1,0.7772727272727273,100.0,0.98,4,1024,4,0.00390625,0.000772999981,1324708.958822083,1219197.3030429294,1913,1099,1138,4150,2.9999995498908305e-07,1796217.100301288,
eficiencia_detector,0.7772727272727273,19,21038,21039,5.0,0.1,0.7772727272727273,100.0,0.98,4,1024,3,0.0029296875,0.000740999982,1381916.362853569,1295729.5872978058,1870,1081,1148,4099,2.9999995498908305e-07,1796217.100301288,
eficiencia_detector,0.7772727272727273,20,21040,21041,5.0,0.1,0.7772727272727273,100.0,0.98,4,1024,2,0.001953125,0.000772999981,1324708.958822083,1266356.625899345,2024,1109,1126,4259,2.9999995498908305e-07,1796217.100301288,
eficiencia_detector,0.7772727272727273,21,21042,21043,5.0,0.1,0.7772727272727273,100.0,0.98,4,1024,5,0.0048828125,0.000772999981,1324708.958822083,1197327.0913433388,1943,1116,1130,4189,2.9999995498908305e-07,1796217.100301288,
eficiencia_detector,0.7772727272727273,22,21044,21045,5.0,0.1,0.7772727272727273,100.0,0.98,4,1024,3,0.0029296875,0.000740999982,1381916.362853569,1295729.5872978058,1921,1105,1054,4080,2.9999995498908305e-07,1796217.100301288,
eficiencia_detector,0.7772727272727273,23,21046,21047,5.0,0.1,0.7772727272727273,100.0,0.98,4,1024,3,0.0029296875,0.000740999982,1381916.362853569,1295729.5872978058,1902,1096,1081,4079,2.9999995498908305e-07,1796217.100301288,
eficiencia_detector,0.7772727272727273,24,21048,21049,5.0,0.1,0.7772727272727273,100.0,0.98,4,1024,4,0.00390625,0.000740999982,1381916.362853569,1271848.1983545255,1886,1129,1083,4098,2.9999995498908305e-07,1796217.100301288,
eficiencia_detector,0.7772727272727273,25,21050,21051,5.0,0.1,0.7772727272727273,100.0,0.98,4,1024,3,0.0029296875,0.000772999981,1324708.958822083,1242090.070458283,1958,1130,1101,4189,2.9999995498908305e-07,1796217.100301288,
eficiencia_detector,0.7772727272727273,26,21052,21053,5.0,0.1,0.7772727272727273,100.0,0.98,4,1024,3,0.0029296875,0.00080499998,1272049.7210447136,1192715.0617625376,2005,1121,1152,4278,2.9999995498908305e-07,1796217.100301288,
eficiencia_detector,0.7772727272727273,27,21054,21055,5.0,0.1,0.7772727272727273,100.0,0.98,4,1024,4,0.00390625,0.000740999982,1381916.362853569,1271848.1983545255,1924,1100,1094,4118,2.9999995498908305e-07,1796217.100301288,
eficiencia_detector,0.7772727272727273,28,21056,21057,5.0,0.1,0.7772727272727273,100.0,0.98,4,1024,2,0.001953125,0.000772999981,1324708.958822083,1266356.625899345,1969,1136,1137,4242,2.9999995498908305e-07,1796217.100301288,
eficiencia_detector,0.7772727272727273,29,21058,21059,5.0,0.1,0.7772727272727273,100.0,0.98,4,1024,3,0.0029296875,0.000740999982,1381916.362853569,1295729.5872978058,1878,1103,1073,4054,2.9999995498908305e-07,1796217.100301288,
eficiencia_detector,0.85,0,21100,21101,5.0,0.1,0.85,100.0,0.98,4,1024,4,0.00390625,0.000708999983,1444287.763826364,1329251.783758415,1950,1177,1138,4265,2.9999995498908305e-07,1958678.7368521595,
eficiencia_detector,0.85,1,21102,21103,5.0,0.1,0.85,100.0,0.98,4,1024,5,0.0048828125,0.000708999983,1444287.763826364,1305407.3921736418,1970,1165,1148,4283,2.9999995498908305e-07,1958678.7368521595,
eficiencia_detector,0.85,2,21104,21105,5.0,0.1,0.85,100.0,0.98,4,1024,3,0.0029296875,0.000708999983,1444287.763826364,1354211.0351003231,1955,1112,1187,4254,2.9999995498908305e-07,1958678.7368521595,
eficiencia_detector,0.85,3,21106,21107,5.0,0.1,0.85,100.0,0.98,4,1024,3,0.0029296875,0.000740999982,1381916.362853569,1295729.5872978058,1989,1182,1181,4352,2.9999995498908305e-07,1958678.7368521595,
eficiencia_detector,0.85,4,21108,21109,5.0,0.1,0.85,100.0,0.98,4,1024,1,0.0009765625,0.000708999983,1444287.763826364,1409429.230973138,2004,1118,1148,4270,2.9999995498908305e-07,1958678.7368521595,
eficiencia_detector,0.85,5,21110,21111,5.0,0.1,0.85,100.0,0.98,4,1024,5,0.0048828125,0.000708999983,1444287.763826364,1305407.3921736418,1953,1086,1081,4120,2.9999995498908305e-07,1958678.7368521595,
eficiencia_detector,0.85,6,21112,21113,5.0,0.1,0.85,100.0,0.98,4,1024,3,0.0029296875,0.000740999982,1381916.362853569,1295729.5872978058,2113,1122,1157,4392,2.9999995498908305e-07,1958678.7368521595,
eficiencia_detector,0.85,7,21114,21115,5.0,0.1,0.85,100.0,0.98,4,1024,3,0.0029296875,0.000740999982,1381916.362853569,1295729.5872978058,2070,1157,1228,4455,2.9999995498908305e-07,1958678.7368521595,
eficiencia_detector,0.85,8,21116,21117,5.0,0.1,0.85,100.0,0.98,4,1024,5,0.0048828125,0.000740999982,1381916.362853569,1249033.524077989,2011,1166,1195,4372,2.9999995498908305e-07,1958678.7368521595,
eficiencia_detector,0.85,9,21118,21119,5.0,0.1,0.85,100.0,0.98,4,1024,2,0.001953125,0.000708999983,1444287.763826364,1380668.083541291,2008,1051,1150,4209,2.9999995498908305e-07,1958678.7368521595,
eficiencia_detector,0.85,10,21120,21121,5.0,0.1,0.85,100.0,0.98,4,1024,3,0.0029296875,0.000708999983,1444287.763826364,1354211.0351003231,1953,1137,1215,4305,2.9999995498908305e-07,1958678.7368521595,
eficiencia_detector,0.85,11,21122,21123,5.0,0.1,0.85,100.0,0.98,4,1024,3,0.0029296875,0.000740999982,1381916.362853569,1295729.5872978058,1963,1133,1208,4304,2.9999995498908305e-07,1958678.7368521595,
eficiencia_detector,0.85,12,21124,21125,5.0,0.1,0.85,100.0,0.98,4,1024,2,0.001953125,0.000708999983,1444287.763826364,1380668.083541291,1948,1175,1114,4237,2.9999995498908305e-07,1958678.7368521595,
eficiencia_detector,0.85,13,21126,21127,5.0,0.1,0.85,100.0,0.98,4,1024,3,0.0029296875,0.000676999984,1512555.4271800395,1418221.009684014,1869,1094,1085,4048,2.9999995498908305e-07,1958678.7368521595,
eficiencia_detector,0.85,14,21128,21129,5.0,0.1,0.85,100.0,0.98,4,1024,5,0.0048828125,0.000708999983,1444287.763826364,1305407.3921736418,1983,1138,1147,4268,2.9999995498908305e-07,1958678.7368521595,
eficiencia_detector,0.85,15,21130,21131,5.0,0.1,0.85,100.0,0.98,4,1024,3,0.0029296875,0.000708999983,1444287.763826364,1354211.0351003231,1933,1099,1162,4194,2.9999995498908305e-07,1958678.7368521595,
eficiencia_detector,0.85,16,21132,21133,5.0,0.1,0.85,100.0,0.98,4,1024,3,0.0029296875,0.000708999983,1444287.763826364,1354211.0351003231,1925,1102,1124,4151,2.9999995498908305e-07,1958678.7368521595,
eficiencia_detector,0.85,17,21134,21135,5.0,0.1,0.85,100.0,0.98,4,1024,4,0.00390625,0.000740999982,1381916.362853569,1271848.1983545255,1964,1118,1186,4268,2.9999995498908305e-07,1958678.7368521595,
eficiencia_detector,0.85,18,21136,21137,5.0,0.1,0.85,100.0,0.98,4,1024,3,0.0029296875,0.000708999983,1444287.763826364,1354211.0351003231,1974,1106,1144,4224,2.9999995498908305e-07,1958678.7368521595,
eficiencia_detector,0.85,19,21138,21139,5.0,0.1,0.85,100.0,0.98,4,1024,3,0.0029296875,0.000708999983,1444287.763826364,1354211.0351003231,1909,1087,1111,4107,2.9999995498908305e-07,1958678.7368521595,
eficiencia_detector,0.85,20,21140,21141,5.0,0.1,0.85,100.0,0.98,4,1024,1,0.0009765625,0.000708999983,1444287.763826364,1409429.230973138,1945,1116,1129,4190,2.9999995498908305e-07,1958678.7368521595,
eficiencia_detector,0.85,21,21142,21143,5.0,0.1,0.85,100.0,0.98,4,1024,7,0.0068359375,0.000708999983,1444287.763826364,1260237.5279698118,1978,1138,1098,4214,2.9999995498908305e-07,1958678.7368521595,
eficiencia_detector,0.85,22,21144,21145,5.0,0.1,0.85,100.0,0.98,4,1024,2,0.001953125,0.000708999983,1444287.763826364,1380668.083541291,1921,1174,1153,4248,2.9999995498908305e-07,1958678.7368521595,
eficiencia_detector,0.85,23,21146,21147,5.0,0.1,0.85,100.0,0.98,4,1024,1,0.0009765625,0.000708999983,1444287.763826364,1409429.230973138,1982,1082,1115,4179,2.9999995498908305e-07,1958678.7368521595,
eficiencia_detector,0.85,24,21148,21149,5.0,0.1,0.85,100.0,0.98,4,1024,2,0.001953125,0.000708999983,1444287.763826364,1380668.083541291,1957,1149,1090,4196,2.9999995498908305e-07,1958678.7368521595,
eficiencia_detector,0.85,25,21150,21151,5.0,0.1,0.85,100.0,0.98,4,1024,2,0.001953125,0.000740999982,1381916.362853569,1321044.091144685,1988,1255,1194,4437,2.9999995498908305e-07,1958678.7368521595,
eficiencia_detector,0.85,26,21152,21153,5.0,0.1,0.85,100.0,0.98,4,1024,5,0.0048828125,0.000740999982,1381916.362853569,1249033.524077989,2019,1142,1174,4335,2.9999995498908305e-07,1958678.7368521595,
eficiencia_detector,0.85,27,21154,21155,5.0,0.1,0.85,100.0,0.98,4,1024,0,0.0,0.000708999983,1444287.763826364,1444287.763826204,1943,1132,1127,4202,2.9999995498908305e-07,1958678.7368521595,
eficiencia_detector,0.85,28,21156,21157,5.0,0.1,0.85,100.0,0.98,4,1024,2,0.001953125,0.000740999982,1381916.362853569,1321044.091144685,1980,1106,1143,4229,2.9999995498908305e-07,1958678.7368521595,
eficiencia_detector,0.85,29,21158,21159,5.0,0.1,0.85,100.0,0.98,4,1024,0,0.0,0.000740999982,1381916.362853569,1381916.3628534158,1976,1177,1135,4288,2.9999995498908305e-07,1958678.7368521595,
conteos_oscuros,,0,30000,30001,5.0,0.1,0.85,1.0,0.98,4,1024,1,0.0009765625,0.000708999983,1444287.763826364,1409429.230973138,1777,889,846,3512,3.000000026176508e-09,1958670.408578509,1.0
conteos_oscuros,,1,30002,30003,5.0,0.1,0.85,1.0,0.98,4,1024,1,0.0009765625,0.000740999982,1381916.362853569,1348563.1917325174,1679,981,937,3597,3.000000026176508e-09,1958670.408578509,1.0
conteos_oscuros,,2,30004,30005,5.0,0.1,0.85,1.0,0.98,4,1024,4,0.00390625,0.000740999982,1381916.362853569,1271848.1983545255,1794,848,914,3556,3.000000026176508e-09,1958670.408578509,1.0
conteos_oscuros,,3,30006,30007,5.0,0.1,0.85,1.0,0.98,4,1024,4,0.00390625,0.000708999983,1444287.763826364,1329251.783758415,1719,914,895,3528,3.000000026176508e-09,1958670.408578509,1.0
conteos_oscuros,,4,30008,30009,5.0,0.1,0.85,1.0,0.98,4,1024,4,0.00390625,0.000708999983,1444287.763826364,1329251.783758415,1685,876,944,3505,3.000000026176508e-09,1958670.408578509,1.0
conteos_oscuros,,5,30010,30011,5.0,0.1,0.85,1.0,0.98,4,1024,6,0.005859375,0.000708999983,1444287.763826364,1282452.3169392955,1667,851,884,3402,3.000000026176508e-09,1958670.408578509,1.0
conteos_oscuros,,6,30012,30013,5.0,0.1,0.85,1.0,0.98,4,1024,3,0.0029296875,0.000708999983,1444287.763826364,1354211.0351003231,1735,890,899,3524,3.000000026176508e-09,1958670.408578509,1.0
conteos_oscuros,,7,30014,30015,5.0,0.1,0.85,1.0,0.98,4,1024,2,0.001953125,0.000708999983,1444287.763826364,1380668.083541291,1807,935,912,3654,3.000000026176508e-09,1958670.408578509,1.0
conteos_oscuros,,8,30016,30017,5.0,0.1,0.85,1.0,0.98,4,1024,3,0.0029296875,0.000708999983,1444287.763826364,1354211.0351003231,1718,813,908,3439,3.000000026176508e-09,1958670.408578509,1.0
conteos_oscuros,,9,30018,30019,5.0,0.1,0.85,1.0,0.98,4,1024,3,0.0029296875,0.000676999984,1512555.4271800395,1418221.009684014,1657,843,841,3341,3.000000026176508e-09,1958670.408578509,1.0
conteos_oscuros,,10,30020,30021,5.0,0.1,0.85,1.0,0.98,4,1024,7,0.0068359375,0.000708999983,1444287.763826364,1260237.5279698118,1664,839,898,3401,3.000000026176508e-09,1958670.408578509,1.0
conteos_oscuros,,11,30022,30023,5.0,0.1,0.85,1.0,0.98,4,1024,6,0.005859375,0.000740999982,1381916.362853569,1227069.7611275665,1727,894,897,3518,3.000000026176508e-09,1958670.408578509,1.0
conteos_oscuros,,12,30024,30025,5.0,0.1,0.85,1.0,0.98,4,1024,8,0.0078125,0.000676999984,1512555.4271800395,1297205.1506026685,1645,874,928,3447,3.000000026176508e-09,1958670.408578509,1.0
conteos_oscuros,,13,30026,30027,5.0,0.1,0.85,1.0,0.98,4,1024,5,0.0048828125,0.000740999982,1381916.362853569,1249033.524077989,1828,913,832,3573,3.000000026176508e-09,1958670.408578509,1.0
conteos_oscuros,,14,30028,30029,5.0,0.1,0.85,1.0,0.98,4,1024,1,0.0009765625,0.000708999983,1444287.763826364,1409429.230973138,1690,871,841,3402,3.000000026176508e-09,1958670.408578509,1.0
conteos_oscuros,,15,30030,30031,5.0,0.1,0.85,1.0,0.98,4,1024,6,0.005859375,0.000708999983,1444287.763826364,1282452.3169392955,1721,925,890,3536,3.000000026176508e-09,1958670.408578509,1.0
conteos_oscuros,,16,30032,30033,5.0,0.1,0.85,1.0,0.98,4,1024,6,0.005859375,0.000708999983,1444287.763826364,1282452.3169392955,1725,886,874,3485,3.000000026176508e-09,1958670.408578509,1.0
conteos_oscuros,,17,30034,30035,5.0,0.1,0.85,1.0,0.98,4,1024,5,0.0048828125,0.000740999982,1381916.362853569,1249033.524077989,1792,951,911,3654,3.000000026176508e-09,1958670.408578509,1.0
conteos_oscuros,,18,30036,30037,5.0,0.1,0.85,1.0,0.98,4,1024,3,0.0029296875,0.000708999983,1444287.763826364,1354211.0351003231,1677,887,863,3427,3.000000026176508e-09,1958670.408578509,1.0
conteos_oscuros,,19,30038,30039,5.0,0.1,0.85,1.0,0.98,4,1024,2,0.001953125,0.000708999983,1444287.763826364,1380668.083541291,1730,934,866,3530,3.000000026176508e-09,1958670.408578509,1.0
conteos_oscuros,,20,30040,30041,5.0,0.1,0.85,1.0,0.98,4,1024,1,0.0009765625,0.000740999982,1381916.362853569,1348563.1917325174,1768,909,860,3537,3.000000026176508e-09,1958670.408578509,1.0
conteos_oscuros,,21,30042,30043,5.0,0.1,0.85,1.0,0.98,4,1024,2,0.001953125,0.000740999982,1381916.362853569,1321044.091144685,1777,931,891,3599,3.000000026176508e-09,1958670.408578509,1.0
conteos_oscuros,,22,30044,30045,5.0,0.1,0.85,1.0,0.98,4,1024,0,0.0,0.000708999983,1444287.763826364,1444287.763826204,1739,875,901,3515,3.000000026176508e-09,1958670.408578509,1.0
conteos_oscuros,,23,30046,30047,5.0,0.1,0.85,1.0,0.98,4,1024,2,0.001953125,0.000708999983,1444287.763826364,1380668.083541291,1675,871,894,3440,3.000000026176508e-09,1958670.408578509,1.0
conteos_oscuros,,24,30048,30049,5.0,0.1,0.85,1.0,0.98,4,1024,4,0.00390625,0.000708999983,1444287.763826364,1329251.783758415,1721,872,902,3495,3.000000026176508e-09,1958670.408578509,1.0
conteos_oscuros,,25,30050,30051,5.0,0.1,0.85,1.0,0.98,4,1024,1,0.0009765625,0.000676999984,1512555.4271800395,1476049.2236579694,1688,840,881,3409,3.000000026176508e-09,1958670.408578509,1.0
conteos_oscuros,,26,30052,30053,5.0,0.1,0.85,1.0,0.98,4,1024,4,0.00390625,0.000708999983,1444287.763826364,1329251.783758415,1757,931,816,3504,3.000000026176508e-09,1958670.408578509,1.0
conteos_oscuros,,27,30054,30055,5.0,0.1,0.85,1.0,0.98,4,1024,2,0.001953125,0.000708999983,1444287.763826364,1380668.083541291,1725,841,907,3473,3.000000026176508e-09,1958670.408578509,1.0
conteos_oscuros,,28,30056,30057,5.0,0.1,0.85,1.0,0.98,4,1024,3,0.0029296875,0.000676999984,1512555.4271800395,1418221.009684014,1628,819,873,3320,3.000000026176508e-09,1958670.408578509,1.0
conteos_oscuros,,29,30058,30059,5.0,0.1,0.85,1.0,0.98,4,1024,4,0.00390625,0.000708999983,1444287.763826364,1329251.783758415,1664,856,884,3404,3.000000026176508e-09,1958670.408578509,1.0
conteos_oscuros,,0,30100,30101,5.0,0.1,0.85,2.3101297000831598,0.98,4,1024,1,0.0009765625,0.000708999983,1444287.763826364,1409429.230973138,1733,862,866,3461,6.930389040427087e-09,1958670.5187918409,2.3101297000831598
conteos_oscuros,,1,30102,30103,5.0,0.1,0.85,2.3101297000831598,0.98,4,1024,3,0.0029296875,0.000708999983,1444287.763826364,1354211.0351003231,1709,881,851,3441,6.930389040427087e-09,1958670.5187918409,2.3101297000831598
conteos_oscuros,,2,30104,30105,5.0,0.1,0.85,2.3101297000831598,0.98,4,1024,5,0.0048828125,0.000708999983,1444287.763826364,1305407.3921736418,1719,862,899,3480,6.930389040427087e-09,1958670.5187918409,2.3101297000831598
conteos_oscuros,,3,30106,30107,5.0,0.1,0.85,2.3101297000831598,0.98,4,1024,2,0.001953125,0.000740999982,1381916.362853569,1321044.091144685,1742,938,924,3604,6.930389040427087e-09,1958670.5187918409,2.3101297000831598
conteos_oscuros,,4,30108,30109,5.0,0.1,0.85,2.3101297000831598,0.98,4,1024,3,0.0029296875,0.000708999983,1444287.763826364,1354211.0351003231,1701,887,904,3492,6.930389040427087e-09,1958670.5187918409,2.3101297000831598
conteos_oscuros,,5,30110,30111,5.0,0.1,0.85,2.3101297000831598,0.98,4,1024,6,0.005859375,0.000740999982,1381916.362853569,1227069.7611275665,1804,894,881,3579,6.930389040427087e-09,1958670.5187918409,2.3101297000831598
conteos_oscuros,,6,30112,30113,5.0,0.1,0.85,2.3101297000831598,0.98,4,1024,1,0.0009765625,0.000708999983,1444287.763826364,1409429.230973138,1762,888,896,3546,6.930389040427087e-09,1958670.5187918409,2.3101297000831598
conteos_oscuros,,7,30114,30115,5.0,0.1,0.85,2.3101297000831598,0.98,4,1024,2,0.001953125,0.000676999984,1512555.4271800395,1445928.6128423568,1636,785,850,3271,6.930389040427087e-09,1958670.5187918409,2.3101297000831598
conteos_oscuros,,8,30116,30117,5.0,0.1,0.85,2.3101297000831598,0.98,4,1024,3,0.0029296875,0.000740999982,1381916.362853569,1295729.5872978058,1760,871,887,3518,6.930389040427087e-09,1958670.5187918409,2.3101297000831598
conteos_oscuros,,9,30118,30119,5.0,0.1,0.85,2.3101297000831598,0.98,4,1024,2,0.001953125,0.000708999983,1444287.763826364,1380668.083541291,1662,912,899,3473,6.930389040427087e-09,1958670.5187918409,2.3101297000831598
conteos_oscuros,,10,30120,30121,5.0,0.1,0.85,2.3101297000831598,0.98,4,1024,2,0.001953125,0.000740999982,1381916.362853569,1321044.091144685,1758,907,913,3578,6.930389040427087e-09,1958670.5187918409,2.3101297000831598
conteos_oscuros,,11,30122,30123,5.0,0.1,0.85,2.3101297000831598,0.98,4,1024,3,0.0029296875,0.000708999983,1444287.763826364,1354211.0351003231,1695,883,904,3482,6.930389040427087e-09,1958670.5187918409,2.3101297000831598
conteos_oscuros,,12,30124,30125,5.0,0.1,0.85,2.3101297000831598,0.98,4,1024,1,0.0009765625,0.000708999983,1444287.763826364,1409429.230973138,1714,849,894,3457,6.930389040427087e-09,1958670.5187918409,2.3101297000831598
conteos_oscuros,,13,30126,30127,5.0,0.1,0.85,2.3101297000831598,0.98,4,1024,2,0.001953125,0.000740999982,1381916.362853569,1321044.091144685,1783,918,916,3617,6.930389040427087e-09,1958670.5187918409,2.3101297000831598
conteos_oscuros,,14,30128,30129,5.0,0.1,0.85,2.3101297000831598,0.98,4,1024,3,0.0029296875,0.000708999983,1444287.763826364,1354211.0351003231,1716,869,867,3452,6.930389040427087e-09,1958670.5187918409,2.3101297000831598
conteos_oscuros,,15,30130,30131,5.0,0.1,0.85,2.3101297000831598,0.98,4,1024,5,0.0048828125,0.000740999982,1381916.362853569,1249033.524077989,1803,892,969,3664,6.930389040427087e-09,1958670.5187918409,2.3101297000831598
conteos_oscuros,,16,30132,30133,5.0,0.1,0.85,2.3101297000831598,0.98,4,1024,2,0.001953125,0.000708999983,1444287.763826364,1380668.083541291,1722,852,931,3505,6.930389040427087e-09,1958670.5187918409,2.3101297000831598
conteos_oscuros,,17,30134,30135,5.0,0.1,0.85,2.3101297000831598,0.98,4,1024,6,0.005859375,0.000740999982,1381916.362853569,1227069.7611275665,1762,943,903,3608,6.930389040427087e-09,1958670.5187918409,2.3101297000831598
conteos_oscuros,,18,30136,30137,5.0,0.1,0.85,2.3101297000831598,0.98,4,1024,0,0.0,0.000708999983,1444287.763826364,1444287.763826204,1703,877,902,3482,6.930389040427087e-09,1958670.5187918409,2.3101297000831598
conteos_oscuros,,19,30138,30139,5.0,0.1,0.85,2.3101297000831598,0.98,4,1024,4,0.00390625,0.000740999982,1381916.362853569,1271848.1983545255,1741,935,912,3588,6.930389040427087e-09,1958670.5187918409,2.3101297000831598
conteos_oscuros,,20,30140,30141,5.0,0.1,0.85,2.3101297000831598,0.98,4,1024,1,0.0009765625,0.000740999982,1381916.362853569,1348563.1917325174,1783,904,986,3673,6.930389040427087e-09,1958670.5187918409,2.3101297000831598
conteos_oscuros,,21,30142,30143,5.0,0.1,0.85,2.3101297000831598,0.98,4,1024,4,0.00390625,0.000740999982,1381916.362853569,1271848.1983545255,1758,923,873,3554,6.930389040427087e-09,1958670.5187918409,2.3101297000831598
conteos_oscuros,,22,30144,30145,5.0,0.1,0.85,2.3101297000831598,0.98,4,1024,1,0.0009765625,0.000740999982,1381916.362853569,1348563.1917325174,1718,935,912,3565,6.930389040427087e-09,1958670.5187918409,2.3101297000831598
conteos_oscuros,,23,30146,30147,5.0,0.1,0.85,2.3101297000831598,0.98,4,1024,1,0.0009765625,0.000740999982,1381916.362853569,1348563.1917325174,1803,893,926,3622,6.930389040427087e-09,1958670.5187918409,2.3101297000831598
conteos_oscuros,,24,30148,30149,5.0,0.1,0.85,2.3101297000831598,0.98,4,1024,2,0.001953125,0.000708999983,1444287.763826364,1380668.083541291,1699,866,844,3409,6.930389040427087e-09,1958670.5187918409,2.3101297000831598
conteos_oscuros,,25,30150,30151,5.0,0.1,0.85,2.3101297000831598,0.98,4,1024,5,0.0048828125,0.000708999983,1444287.763826364,1305407.3921736418,1645,863,887,3395,6.930389040427087e-09,1958670.5187918409,2.3101297000831598
conteos_oscuros,,26,30152,30153,5.0,0.1,0.85,2.3101297000831598,0.98,4,1024,2,0.001953125,0.000708999983,1444287.763826364,1380668.083541291,1713,873,915,3501,6.930389040427087e-09,1958670.5187918409,2.3101297000831598
conteos_oscuros,,27,30154,30155,5.0,0.1,0.85,2.3101297000831598,0.98,4,1024,8,0.0078125,0.000708999983,1444287.763826364,1238657.1047389212,1771,885,927,3583,6.930389040427087e-09,1958670.5187918409,2.3101297000831598
conteos_oscuros,,28,30156,30157,5.0,0.1,0.85,2.3101297000831598,0.98,4,1024,1,0.0009765625,0.000676999984,1512555.4271800395,1476049.2236579694,1644,848,854,3346,6.930389040427087e-09,1958670.5187918409,2.3101297000831598
conteos_oscuros,,29,30158,30159,5.0,0.1,0.85,2.3101297000831598,0.98,4,1024,1,0.0009765625,0.000740999982,1381916.362853569,1348563.1917325174,1771,876,925,3572,6.930389040427087e-09,1958670.5187918409,2.3101297000831598
conteos_oscuros,,0,30200,30201,5.0,0.1,0.85,5.3366992312063095,0.98,4,1024,5,0.0048828125,0.000740999982,1381916.362853569,1249033.524077989,1722,918,967,3607,1.6010097581009575e-08,1958670.7733989428,5.3366992312063095
conteos_oscuros,,1,30202,30203,5.0,0.1,0.85,5.3366992312063095,0.98,4,1024,3,0.0029296875,0.000708999983,1444287.763826364,1354211.0351003231,1763,933,909,3605,1.6010097581009575e-08,1958670.7733989428,5.3366992312063095
conteos_oscuros,,2,30204,30205,5.0,0.1,0.85,5.3366992312063095,0.98,4,1024,3,0.0029296875,0.000676999984,1512555.4271800395,1418221.009684014,1657,895,849,3401,1.6010097581009575e-08,1958670.7733989428,5.3366992312063095
conteos_oscuros,,3,30206,30207,5.0,0.1,0.85,5.3366992312063095,0.98,4,1024,3,0.0029296875,0.000740999982,1381916.362853569,1295729.5872978058,1787,925,903,3615,1.6010097581009575e-08,1958670.7733989428,5.3366992312063095
conteos_oscuros,,4,30208,30209,5.0,0.1,0.85,5.3366992312063095,0.98,4,1024,4,0.00390625,0.000676999984,1512555.4271800395,1392082.000532862,1677,860,849,3386,1.6010097581009575e-08,1958670.7733989428,5.3366992312063095
conteos_oscuros,,5,30210,30211,5.0,0.1,0.85,5.3366992312063095,0.98,4,1024,2,0.001953125,0.000740999982,1381916.362853569,1321044.091144685,1763,927,959,3649,1.6010097581009575e-08,1958670.7733989428,5.3366992312063095
conteos_oscuros,,6,30212,30213,5.0,0.1,0.85,5.3366992312063095,0.98,4,1024,3,0.0029296875,0.000708999983,1444287.763826364,1354211.0351003231,1635,880,869,3384,1.6010097581009575e-08,1958670.7733989428,5.3366992312063095
conteos_oscuros,,7,30214,30215,5.0,0.1,0.85,5.3366992312063095,0.98,4,1024,2,0.001953125,0.000676999984,1512555.4271800395,1445928.6128423568,1702,854,840,3396,1.6010097581009575e-08,1958670.7733989428,5.3366992312063095
conteos_oscuros,,8,30216,30217,5.0,0.1,0.85,5.3366992312063095,0.98,4,1024,4,0.00390625,0.000708999983,1444287.763826364,1329251.783758415,1764,931,922,3617,1.6010097581009575e-08,1958670.7733989428,5.3366992312063095
conteos_oscuros,,9,30218,30219,5.0,0.1,0.85,5.3366992312063095,0.98,4,1024,2,0.001953125,0.000708999983,1444287.763826364,1380668.083541291,1695,884,885,3464,1.6010097581009575e-08,1958670.7733989428,5.3366992312063095
conteos_oscuros,,10,30220,30221,5.0,0.1,0.85,5.3366992312063095,0.98,4,1024,4,0.00390625,0.000772999981,1324708.958822083,1219197.3030429294,1837,964,1001,3802,1.6010097581009575e-08,1958670.7733989428,5.3366992312063095
conteos_oscuros,,11,30222,30223,5.0,0.1,0.85,5.3366992312063095,0.98,4,1024,5,0.0048828125,0.000708999983,1444287.763826364,1305407.3921736418,1718,891,841,3450,1.6010097581009575e-08,1958670.7733989428,5.3366992312063095
conteos_oscuros,,12,30224,30225,5.0,0.1,0.85,5.3366992312063095,0.98,4,1024,5,0.0048828125,0.000708999983,1444287.763826364,1305407.3921736418,1685,866,898,3449,1.6010097581009575e-08,1958670.7733989428,5.3366992312063095
conteos_oscuros,,13,30226,30227,5.0,0.1,0.85,5.3366992312063095,0.98,4,1024,1,0.0009765625,0.000708999983,1444287.763826364,1409429.230973138,1756,909,867,3532,1.6010097581009575e-08,1958670.7733989428,5.3366992312063095
conteos_oscuros,,14,30228,30229,5.0,0.1,0.85,5.3366992312063095,0.98,4,1024,6,0.005859375,0.000740999982,1381916.362853569,1227069.7611275665,1727,946,965,3638,1.6010097581009575e-08,1958670.7733989428,5.3366992312063095
conteos_oscuros,,15,30230,30231,5.0,0.1,0.85,5.3366992312063095,0.98,4,1024,2,0.001953125,0.000708999983,1444287.763826364,1380668.083541291,1717,903,873,3493,1.6010097581009575e-08,1958670.7733989428,5.3366992312063095
conteos_oscuros,,16,30232,30233,5.0,0.1,0.85,5.3366992312063095,0.98,4,1024,4,0.00390625,0.000708999983,1444287.763826364,1329251.783758415,1708,909,867,3484,1.6010097581009575e-08,1958670.7733989428,5.3366992312063095
conteos_oscuros,,17,30234,30235,5.0,0.1,0.85,5.3366992312063095,0.98,4,1024,7,0.0068359375,0.000708999983,1444287.763826364,1260237.5279698118,1790,858,858,3506,1.6010097581009575e-08,1958670.7733989428,5.3366992312063095
conteos_oscuros,,18,30236,30237,5.0,0.1,0.85,5.3366992312063095,0.98,4,1024,5,0.0048828125,0.000740999982,1381916.362853569,1249033.524077989,1706,897,891,3494,1.6010097581009575e-08,1958670.7733989428,5.3366992312063095
conteos_oscuros,,19,30238,30239,5.0,0.1,0.85,5.3366992312063095,0.98,4,1024,4,0.00390625,0.000708999983,1444287.763826364,1329251.783758415,1729,853,937,3519,1.6010097581009575e-08,1958670.7733989428,5.3366992312063095
conteos_oscuros,,20,30240,30241,5.0,0.1,0.85,5.3366992312063095,0.98,4,1024,4,0.00390625,0.000708999983,1444287.763826364,1329251.783758415,1768,922,860,3550,1.6010097581009575e-08,1958670.7733989428,5.3366992312063095
conteos_oscuros,,21,30242,30243,5.0,0.1,0.85,5.3366992312063095,0.98,4,1024,6,0.005859375,0.000740999982,1381916.362853569,1227069.7611275665,1747,966,886,3599,1.6010097581009575e-08,1958670.7733989428,5.3366992312063095
conteos_oscuros,,22,30244,30245,5.0,0.1,0.85,5.3366992312063095,0.98,4,1024,3,0.0029296875,0.000708999983,1444287.763826364,1354211.0351003231,1706,827,979,3512,1.6010097581009575e-08,1958670.7733989428,5.3366992312063095
conteos_oscuros,,23,30246,30247,5.0,0.1,0.85,5.3366992312063095,0.98,4,1024,3,0.0029296875,0.000708999983,1444287.763826364,1354211.0351003231,1726,885,896,3507,1.6010097581009575e-08,1958670.7733989428,5.3366992312063095
conteos_oscuros,,24,30248,30249,5.0,0.1,0.85,5.3366992312063095,0.98,4,1024,5,0.0048828125,0.000708999983,1444287.763826364,1305407.3921736418,1694,864,955,3513,1.6010097581009575e-08,1958670.7733989428,5.3366992312063095
conteos_oscuros,,25,30250,30251,5.0,0.1,0.85,5.3366992312063095,0.98,4,1024,4,0.00390625,0.000708999983,1444287.763826364,1329251.783758415,1743,853,877,3473,1.6010097581009575e-08,1958670.7733989428,5.3366992312063095
conteos_oscuros,,26,30252,30253,5.0,0.1,0.85,5.3366992312063095,0.98,4,1024,6,0.005859375,0.000708999983,1444287.763826364,1282452.3169392955,1758,898,849,3505,1.6010097581009575e-08,1958670.7733989428,5.3366992312063095
conteos_oscuros,,27,30254,30255,5.0,0.1,0.85,5.3366992312063095,0.98,4,1024,0,0.0,0.000708999983,1444287.763826364,1444287.763826204,1736,907,917,3560,1.6010097581009575e-08,1958670.7733989428,5.3366992312063095
conteos_oscuros,,28,30256,30257,5.0,0.1,0.85,5.3366992312063095,0.98,4,1024,1,0.0009765625,0.000740999982,1381916.362853569,1348563.1917325174,1727,965,895,3587,1.6010097581009575e-08,1958670.7733989428,5.3366992312063095
conteos_oscuros,,29,30258,30259,5.0,0.1,0.85,5.3366992312063095,0.98,4,1024,3,0.0029296875,0.000740999982,1381916.362853569,1295729.5872978058,1692,935,939,3566,1.6010097581009575e-08,1958670.7733989428,5.3366992312063095
conteos_oscuros,,0,30300,30301,5.0,0.1,0.85,12.32846739442066,0.98,4,1024,7,0.0068359375,0.000708999983,1444287.763826364,1260237.5279698118,1756,922,942,3620,3.698540151919616e-08,1958671.3615743546,12.32846739442066
conteos_oscuros,,1,30302,30303,5.0,0.1,0.85,12.32846739442066,0.98,4,1024,6,0.005859375,0.000708999983,1444287.763826364,1282452.3169392955,1720,908,908,3536,3.698540151919616e-08,1958671.3615743546,12.32846739442066
conteos_oscuros,,2,30304,30305,5.0,0.1,0.85,12.32846739442066,0.98,4,1024,5,0.0048828125,0.000740999982,1381916.362853569,1249033.524077989,1724,921,930,3575,3.698540151919616e-08,1958671.3615743546,12.32846739442066
conteos_oscuros,,3,30306,30307,5.0,0.1,0.85,12.32846739442066,0.98,4,1024,3,0.0029296875,0.000708999983,1444287.763826364,1354211.0351003231,1742,909,968,3619,3.698540151919616e-08,1958671.3615743546,12.32846739442066
conteos_oscuros,,4,30308,30309,5.0,0.1,0.85,12.32846739442066,0.98,4,1024,6,0.005859375,0.000740999982,1381916.362853569,1227069.7611275665,1767,952,923,3642,3.698540151919616e-08,1958671.3615743546,12.32846739442066
conteos_oscuros,,5,30310,30311,5.0,0.1,0.85,12.32846739442066,0.98,4,1024,2,0.001953125,0.000708999983,1444287.763826364,1380668.083541291,1693,884,900,3477,3.698540151919616e-08,1958671.3615743546,12.32846739442066
conteos_oscuros,,6,30312,30313,5.0,0.1,0.85,12.32846739442066,0.98,4,1024,0,0.0,0.000740999982,1381916.362853569,1381916.3628534158,1749,969,933,3651,3.698540151919616e-08,1958671.3615743546,12.32846739442066
conteos_oscuros,,7,30314,30315,5.0,0.1,0.85,12.32846739442066,0.98,4,1024,2,0.001953125,0.000708999983,1444287.763826364,1380668.083541291,1729,902,859,3490,3.698540151919616e-08,1958671.3615743546,12.32846739442066
conteos_oscuros,,8,30316,30317,5.0,0.1,0.85,12.32846739442066,0.98,4,1024,3,0.0029296875,0.000708999983,1444287.763826364,1354211.0351003231,1782,901,968,3651,3.698540151919616e-08,1958671.3615743546,12.32846739442066
conteos_oscuros,,9,30318,30319,5.0,0.1,0.85,12.32846739442066,0.98,4,1024,3,0.0029296875,0.000708999983,1444287.763826364,1354211.0351003231,1765,955,912,3632,3.698540151919616e-08,1958671.3615743546,12.32846739442066
conteos_oscuros,,10,30320,30321,5.0,0.1,0.85,12.32846739442066,0.98,4,1024,1,0.0009765625,0.000740999982,1381916.362853569,1348563.1917325174,1767,934,971,3672,3.698540151919616e-08,1958671.3615743546,12.32846739442066
conteos_oscuros,,11,30322,30323,5.0,0.1,0.85,12.32846739442066,0.98,4,1024,6,0.005859375,0.000708999983,1444287.763826364,1282452.3169392955,1769,923,860,3552,3.698540151919616e-08,1958671.3615743546,12.32846739442066
conteos_oscuros,,12,30324,30325,5.0,0.1,0.85,12.32846739442066,0.98,4,1024,2,0.001953125,0.000740999982,1381916.362853569,1321044.091144685,1736,902,966,3604,3.698540151919616e-08,1958671.3615743546,12.32846739442066
conteos_oscuros,,13,30326,30327,5.0,0.1,0.85,12.32846739442066,0.98,4,1024,6,0.005859375,0.000708999983,1444287.763826364,1282452.3169392955,1799,926,955,3680,3.698540151919616e-08,1958671.3615743546,12.32846739442066
conteos_oscuros,,14,30328,30329,5.0,0.1,0.85,12.32846739442066,0.98,4,1024,2,0.001953125,0.000708999983,1444287.763826364,1380668.083541291,1724,952,870,3546,3.698540151919616e-08,1958671.3615743546,12.32846739442066
conteos_oscuros,,15,30330,30331,5.0,0.1,0.85,12.32846739442066,0.98,4,1024,6,0.005859375,0.000740999982,1381916.362853569,1227069.7611275665,1764,960,948,3672,3.698540151919616e-08,1958671.3615743546,12.32846739442066
conteos_oscuros,,16,30332,30333,5.0,0.1,0.85,12.32846739442066,0.98,4,1024,5,0.0048828125,0.000708999983,1444287.763826364,1305407.3921736418,1751,907,864,3522,3.698540151919616e-08,1958671.3615743546,12.32846739442066
conteos_oscuros,,17,30334,30335,5.0,0.1,0.85,12.32846739442066,0.98,4,1024,4,0.00390625,0.000708999983,1444287.763826364,1329251.783758415,1679,951,974,3604,3.698540151919616e-08,1958671.3615743546,12.32846739442066
conteos_oscuros,,18,30336,30337,5.0,0.1,0.85,12.32846739442066,0.98,4,1024,6,0.005859375,0.000740999982,1381916.362853569,1227069.7611275665,1805,962,948,3715,3.698540151919616e-08,1958671.3615743546,12.32846739442066
conteos_oscuros,,19,30338,30339,5.0,0.1,0.85,12.32846739442066,0.98,4,1024,3,0.0029296875,0.000708999983,1444287.763826364,1354211.0351003231,1792,932,909,3633,3.698540151919616e-08,1958671.3615743546,12.32846739442066
conteos_oscuros,,20,30340,30341,5.0,0.1,0.85,12.32846739442066,0.98,4,1024,4,0.00390625,0.000708999983,1444287.763826364,1329251.783758415,1727,864,887,3478,3.698540151919616e-08,1958671.3615743546,12.32846739442066
conteos_oscuros,,21,30342,30343,5.0,0.1,0.85,12.32846739442066,0.98,4,1024,4,0.00390625,0.000708999983,1444287.763826364,1329251.783758415,1747,924,874,3545,3.698540151919616e-08,1958671.3615743546,12.32846739442066
conteos_oscuros,,22,30344,30345,5.0,0.1,0.85,12.32846739442066,0.98,4,1024,2,0.001953125,0.000708999983,1444287.763826364,1380668.083541291,1744,867,899,3510,3.698540151919616e-08,1958671.3615743546,12.32846739442066
conteos_oscuros,,23,30346,30347,5.0,0.1,0.85,12.32846739442066,0.98,4,1024,3,0.0029296875,0.000708999983,1444287.763826364,1354211.0351003231,1707,900,912,3519,3.698540151919616e-08,1958671.3615743546,12.32846739442066
conteos_oscuros,,24,30348,30349,5.0,0.1,0.85,12.32846739442066,0.98,4,1024,2,0.001953125,0.000676999984,1512555.4271800395,1445928.6128423568,1705,913,823,3441,3.698540151919616e-08,1958671.3615743546,12.32846739442066
conteos_oscuros,,25,30350,30351,5.0,0.1,0.85,12.32846739442066,0.98,4,1024,9,0.0087890625,0.000708999983,1444287.763826364,1217631.8516158161,1810,910,918,3638,3.698540151919616e-08,1958671.3615743546,12.32846739442066
conteos_oscuros,,26,30352,30353,5.0,0.1,0.85,12.32846739442066,0.98,4,1024,2,0.001953125,0.000708999983,1444287.763826364,1380668.083541291,1793,898,920,3611,3.698540151919616e-08,1958671.3615743546,12.32846739442066
conteos_oscuros,,27,30354,30355,5.0,0.1,0.85,12.32846739442066,0.98,4,1024,5,0.0048828125,0.000740999982,1381916.362853569,1249033.524077989,1847,968,973,3788,3.698540151919616e-08,1958671.3615743546,12.32846739442066
conteos_oscuros,,28,30356,30357,5.0,0.1,0.85,12.32846739442066,0.98,4,1024,3,0.0029296875,0.000708999983,1444287.763826364,1354211.0351003231,1731,909,885,3525,3.698540151919616e-08,1958671.3615743546,12.32846739442066
conteos_oscuros,,29,30358,30359,5.0,0.1,0.85,12.32846739442066,0.98,4,1024,2,0.001953125,0.000740999982,1381916.362853569,1321044.091144685,1809,954,990,3753,3.698540151919616e-08,1958671.3615743546,12.32846739442066
conteos_oscuros,,0,30400,30401,5.0,0.1,0.85,28.48035868435802,0.98,4,1024,0,0.0,0.000708999983,1444287.763826364,1444287.763826204,1841,942,911,3694,8.544107243935173e-08,1958672.7203357979,28.48035868435802
conteos_oscuros,,1,30402,30403,5.0,0.1,0.85,28.48035868435802,0.98,4,1024,5,0.0048828125,0.000676999984,1512555.4271800395,1367110.547611455,1690,907,924,3521,8.544107243935173e-08,1958672.7203357979,28.48035868435802
conteos_oscuros,,2,30404,30405,5.0,0.1,0.85,28.48035868435802,0.98,4,1024,2,0.001953125,0.000708999983,1444287.763826364,1380668.083541291,1797,941,949,3687,8.544107243935173e-08,1958672.7203357979,28.48035868435802
conteos_oscuros,,3,30406,30407,5.0,0.1,0.85,28.48035868435802,0.98,4,1024,3,0.0029296875,0.000676999984,1512555.4271800395,1418221.009684014,1739,934,891,3564,8.544107243935173e-08,1958672.7203357979,28.48035868435802
conteos_oscuros,,4,30408,30409,5.0,0.1,0.85,28.48035868435802,0.98,4,1024,2,0.001953125,0.000708999983,1444287.763826364,1380668.083541291,1786,966,957,3709,8.544107243935173e-08,1958672.7203357979,28.48035868435802
conteos_oscuros,,5,30410,30411,5.0,0.1,0.85,28.48035868435802,0.98,4,1024,4,0.00390625,0.000676999984,1512555.4271800395,1392082.000532862,1683,923,937,3543,8.544107243935173e-08,1958672.7203357979,28.48035868435802
conteos_oscuros,,6,30412,30413,5.0,0.1,0.85,28.48035868435802,0.98,4,1024,4,0.00390625,0.000708999983,1444287.763826364,1329251.783758415,1763,944,882,3589,8.544107243935173e-08,1958672.7203357979,28.48035868435802
conteos_oscuros,,7,30414,30415,5.0,0.1,0.85,28.48035868435802,0.98,4,1024,3,0.0029296875,0.000708999983,1444287.763826364,1354211.0351003231,1837,933,969,3739,8.544107243935173e-08,1958672.7203357979,28.48035868435802
conteos_oscuros,,8,30416,30417,5.0,0.1,0.85,28.48035868435802,0.98,4,1024,3,0.0029296875,0.000708999983,1444287.763826364,1354211.0351003231,1732,904,904,3540,8.544107243935173e-08,1958672.7203357979,28.48035868435802
conteos_oscuros,,9,30418,30419,5.0,0.1,0.85,28.48035868435802,0.98,4,1024,4,0.00390625,0.000708999983,1444287.763826364,1329251.783758415,1754,925,946,3625,8.544107243935173e-08,1958672.7203357979,28.48035868435802
conteos_oscuros,,10,30420,30421,5.0,0.1,0.85,28.48035868435802,0.98,4,1024,7,0.0068359375,0.000708999983,1444287.763826364,1260237.5279698118,1799,939,939,3677,8.544107243935173e-08,1958672.7203357979,28.48035868435802
conteos_oscuros,,11,30422,30423,5.0,0.1,0.85,28.48035868435802,0.98,4,1024,7,0.0068359375,0.000740999982,1381916.362853569,1205814.3152647992,1809,981,1023,3813,8.544107243935173e-08,1958672.7203357979,28.48035868435802
conteos_oscuros,,12,30424,30425,5.0,0.1,0.85,28.48035868435802,0.98,4,1024,3,0.0029296875,0.000708999983,1444287.763826364,1354211.0351003231,1757,920,973,3650,8.544107243935173e-08,1958672.7203357979,28.48035868435802
conteos_oscuros,,13,30426,30427,5.0,0.1,0.85,28.48035868435802,0.98,4,1024,0,0.0,0.000708999983,1444287.763826364,1444287.763826204,1767,950,961,3678,8.544107243935173e-08,1958672.7203357979,28.48035868435802
conteos_oscuros,,14,30428,30429,5.0,0.1,0.85,28.48035868435802,0.98,4,1024,2,0.001953125,0.000708999983,1444287.763826364,1380668.083541291,1772,963,883,3618,8.544107243935173e-08,1958672.7203357979,28.48035868435802
conteos_oscuros,,15,30430,30431,5.0,0.1,0.85,28.48035868435802,0.98,4,1024,4,0.00390625,0.000772999981,1324708.958822083,1219197.3030429294,1967,997,1086,4050,8.544107243935173e-08,1958672.7203357979,28.48035868435802
conteos_oscuros,,16,30432,30433,5.0,0.1,0.85,28.48035868435802,0.98,4,1024,4,0.00390625,0.000708999983,1444287.763826364,1329251.783758415,1764,952,971,3687,8.544107243935173e-08,1958672.7203357979,28.48035868435802
conteos_oscuros,,17,30434,30435,5.0,0.1,0.85,28.48035868435802,0.98,4,1024,2,0.001953125,0.000708999983,1444287.763826364,1380668.083541291,1803,984,999,3786,8.544107243935173e-08,1958672.7203357979,28.48035868435802
conteos_oscuros,,18,30436,30437,5.0,0.1,0.85,28.48035868435802,0.98,4,1024,3,0.0029296875,0.000708999983,1444287.763826364,1354211.0351003231,1770,946,947,3663,8.544107243935173e-08,1958672.7203357979,28.48035868435802
conteos_oscuros,,19,30438,30439,5.0,0.1,0.85,28.48035868435802,0.98,4,1024,5,0.0048828125,0.000708999983,1444287.763826364,1305407.3921736418,1836,916,1006,3758,8.544107243935173e-08,1958672.7203357979,28.48035868435802
conteos_oscuros,,20,30440,30441,5.0,0.1,0.85,28.48035868435802,0.98,4,1024,4,0.00390625,0.000708999983,1444287.763826364,1329251.783758415,1834,949,964,3747,8.544107243935173e-08,1958672.7203357979,28.48035868435802
conteos_oscuros,,21,30442,30443,5.0,0.1,0.85,28.48035868435802,0.98,4,1024,3,0.0029296875,0.000740999982,1381916.362853569,1295729.5872978058,1843,1030,990,3863,8.544107243935173e-08,1958672.7203357979,28.48035868435802
conteos_oscuros,,22,30444,30445,5.0,0.1,0.85,28.48035868435802,0.98,4,1024,3,0.0029296875,0.000740999982,1381916.362853569,1295729.5872978058,1864,980,962,3806,8.544107243935173e-08,1958672.7203357979,28.48035868435802
conteos_oscuros,,23,30446,30447,5.0,0.1,0.85,28.48035868435802,0.98,4,1024,2,0.001953125,0.000708999983,1444287.763826364,1380668.083541291,1829,992,936,3757,8.544107243935173e-08,1958672.7203357979,28.48035868435802
conteos_oscuros,,24,30448,30449,5.0,0.1,0.85,28.48035868435802,0.98,4,1024,5,0.0048828125,0.000740999982,1381916.362853569,1249033.524077989,1824,960,960,3744,8.544107243935173e-08,1958672.7203357979,28.48035868435802
conteos_oscuros,,25,30450,30451,5.0,0.1,0.85,28.48035868435802,0.98,4,1024,7,0.0068359375,0.000708999983,1444287.763826364,1260237.5279698118,1770,937,928,3635,8.544107243935173e-08,1958672.7203357979,28.48035868435802
conteos_oscuros,,26,30452,30453,5.0,0.1,0.85,28.48035868435802,0.98,4,1024,4,0.00390625,0.000708999983,1444287.763826364,1329251.783758415,1783,941,952,3676,8.544107243935173e-08,1958672.7203357979,28.48035868435802
conteos_oscuros,,27,30454,30455,5.0,0.1,0.85,28.48035868435802,0.98,4,1024,5,0.0048828125,0.000708999983,1444287.763826364,1305407.3921736418,1856,972,963,3791,8.544107243935173e-08,1958672.7203357979,28.48035868435802
conteos_oscuros,,28,30456,30457,5.0,0.1,0.85,28.48035868435802,0.98,4,1024,2,0.001953125,0.000708999983,1444287.763826364,1380668.083541291,1735,971,982,3688,8.544107243935173e-08,1958672.7203357979,28.48035868435802
conteos_oscuros,,29,30458,30459,5.0,0.1,0.85,28.48035868435802,0.98,4,1024,1,0.0009765625,0.000708999983,1444287.763826364,1409429.230973138,1829,969,895,3693,8.544107243935173e-08,1958672.7203357979,28.48035868435802
conteos_oscuros,,0,30500,30501,5.0,0.1,0.85,65.79332246575683,0.98,4,1024,6,0.005859375,0.000708999983,1444287.763826364,1282452.3169392955,1865,994,1064,3923,1.973799479415561e-07,1958675.8592507094,65.79332246575683
conteos_oscuros,,1,30502,30503,5.0,0.1,0.85,65.79332246575683,0.98,4,1024,1,0.0009765625,0.000740999982,1381916.362853569,1348563.1917325174,1981,1062,1120,4163,1.973799479415561e-07,1958675.8592507094,65.79332246575683
conteos_oscuros,,2,30504,30505,5.0,0.1,0.85,65.79332246575683,0.98,4,1024,1,0.0009765625,0.000708999983,1444287.763826364,1409429.230973138,1896,1056,997,3949,1.973799479415561e-07,1958675.8592507094,65.79332246575683
conteos_oscuros,,3,30506,30507,5.0,0.1,0.85,65.79332246575683,0.98,4,1024,6,0.005859375,0.000708999983,1444287.763826364,1282452.3169392955,1806,1069,1007,3882,1.973799479415561e-07,1958675.8592507094,65.79332246575683
conteos_oscuros,,4,30508,30509,5.0,0.1,0.85,65.79332246575683,0.98,4,1024,3,0.0029296875,0.000708999983,1444287.763826364,1354211.0351003231,1820,1028,1090,3938,1.973799479415561e-07,1958675.8592507094,65.79332246575683
conteos_oscuros,,5,30510,30511,5.0,0.1,0.85,65.79332246575683,0.98,4,1024,6,0.005859375,0.000708999983,1444287.763826364,1282452.3169392955,1887,1071,1091,4049,1.973799479415561e-07,1958675.8592507094,65.79332246575683
conteos_oscuros,,6,30512,30513,5.0,0.1,0.85,65.79332246575683,0.98,4,1024,4,0.00390625,0.000708999983,1444287.763826364,1329251.783758415,1840,1046,1012,3898,1.973799479415561e-07,1958675.8592507094,65.79332246575683
conteos_oscuros,,7,30514,30515,5.0,0.1,0.85,65.79332246575683,0.98,4,1024,3,0.0029296875,0.000740999982,1381916.362853569,1295729.5872978058,1942,1072,1119,4133,1.973799479415561e-07,1958675.8592507094,65.79332246575683
conteos_oscuros,,8,30516,30517,5.0,0.1,0.85,65.79332246575683,0.98,4,1024,5,0.0048828125,0.000676999984,1512555.4271800395,1367110.547611455,1810,1070,1022,3902,1.973799479415561e-07,1958675.8592507094,65.79332246575683
conteos_oscuros,,9,30518,30519,5.0,0.1,0.85,65.79332246575683,0.98,4,1024,5,0.0048828125,0.000708999983,1444287.763826364,1305407.3921736418,1902,1016,1009,3927,1.973799479415561e-07,1958675.8592507094,65.79332246575683
conteos_oscuros,,10,30520,30521,5.0,0.1,0.85,65.79332246575683,0.98,4,1024,4,0.00390625,0.000740999982,1381916.362853569,1271848.1983545255,1975,1002,1077,4054,1.973799479415561e-07,1958675.8592507094,65.79332246575683
conteos_oscuros,,11,30522,30523,5.0,0.1,0.85,65.79332246575683,0.98,4,1024,2,0.001953125,0.000708999983,1444287.763826364,1380668.083541291,1853,1005,1040,3898,1.973799479415561e-07,1958675.8592507094,65.79332246575683
conteos_oscuros,,12,30524,30525,5.0,0.1,0.85,65.79332246575683,0.98,4,1024,3,0.0029296875,0.000740999982,1381916.362853569,1295729.5872978058,1951,1125,1087,4163,1.973799479415561e-07,1958675.8592507094,65.79332246575683
conteos_oscuros,,13,30526,30527,5.0,0.1,0.85,65.79332246575683,0.98,4,1024,5,0.0048828125,0.000740999982,1381916.362853569,1249033.524077989,1843,1080,1128,4051,1.973799479415561e-07,1958675.8592507094,65.79332246575683
conteos_oscuros,,14,30528,30529,5.0,0.1,0.85,65.79332246575683,0.98,4,1024,5,0.0048828125,0.000708999983,1444287.763826364,1305407.3921736418,1919,1067,1039,4025,1.973799479415561e-07,1958675.8592507094,65.79332246575683
conteos_oscuros,,15,30530,30531,5.0,0.1,0.85,65.79332246575683,0.98,4,1024,6,0.005859375,0.000708999983,1444287.763826364,1282452.3169392955,1893,1072,1006,3971,1.973799479415561e-07,1958675.8592507094,65.79332246575683
conteos_oscuros,,16,30532,30533,5.0,0.1,0.85,65.79332246575683,0.98,4,1024,4,0.00390625,0.000740999982,1381916.362853569,1271848.1983545255,1959,1107,1048,4114,1.973799479415561e-07,1958675.8592507094,65.79332246575683
conteos_oscuros,,17,30534,30535,5.0,0.1,0.85,65.79332246575683,0.98,4,1024,2,0.001953125,0.000708999983,1444287.763826364,1380668.083541291,1851,1061,1102,4014,1.973799479415561e-07,1958675.8592507094,65.79332246575683
conteos_oscuros,,18,30536,30537,5.0,0.1,0.85,65.79332246575683,0.98,4,1024,2,0.001953125,0.000740999982,1381916.362853569,1321044.091144685,2014,1053,1019,4086,1.973799479415561e-07,1958675.8592507094,65.79332246575683
conteos_oscuros,,19,30538,30539,5.0,0.1,0.85,65.79332246575683,0.98,4,1024,5,0.0048828125,0.000708999983,1444287.763826364,1305407.3921736418,1927,1027,1036,3990,1.973799479415561e-07,1958675.8592507094,65.79332246575683
conteos_oscuros,,20,30540,30541,5.0,0.1,0.85,65.79332246575683,0.98,4,1024,4,0.00390625,0.000708999983,1444287.763826364,1329251.783758415,1784,1055,1032,3871,1.973799479415561e-07,1958675.8592507094,65.79332246575683
conteos_oscuros,,21,30542,30543,5.0,0.1,0.85,65.79332246575683,0.98,4,1024,3,0.0029296875,0.000740999982,1381916.362853569,1295729.5872978058,1937,1076,1087,4100,1.973799479415561e-07,1958675.8592507094,65.79332246575683
conteos_oscuros,,22,30544,30545,5.0,0.1,0.85,65.79332246575683,0.98,4,1024,4,0.00390625,0.000708999983,1444287.763826364,1329251.783758415,1812,1071,1095,3978,1.973799479415561e-07,1958675.8592507094,65.79332246575683
conteos_oscuros,,23,30546,30547,5.0,0.1,0.85,65.79332246575683,0.98,4,1024,2,0.001953125,0.000740999982,1381916.362853569,1321044.091144685,1927,1041,1055,4023,1.973799479415561e-07,1958675.8592507094,65.79332246575683
conteos_oscuros,,24,30548,30549,5.0,0.1,0.85,65.79332246575683,0.98,4,1024,2,0.001953125,0.000708999983,1444287.763826364,1380668.083541291,1916,1077,1054,4047,1.973799479415561e-07,1958675.8592507094,65.79332246575683
conteos_oscuros,,25,30550,30551,5.0,0.1,0.85,65.79332246575683,0.98,4,1024,2,0.001953125,0.000708999983,1444287.763826364,1380668.083541291,1850,1052,1053,3955,1.973799479415561e-07,1958675.8592507094,65.79332246575683
conteos_oscuros,,26,30552,30553,5.0,0.1,0.85,65.79332246575683,0.98,4,1024,0,0.0,0.000708999983,1444287.763826364,1444287.763826204,1811,1010,1033,3854,1.973799479415561e-07,1958675.8592507094,65.79332246575683
conteos_oscuros,,27,30554,30555,5.0,0.1,0.85,65.79332246575683,0.98,4,1024,7,0.0068359375,0.000708999983,1444287.763826364,1260237.5279698118,1866,1028,1020,3914,1.973799479415561e-07,1958675.8592507094,65.79332246575683
conteos_oscuros,,28,30556,30557,5.0,0.1,0.85,65.79332246575683,0.98,4,1024,5,0.0048828125,0.000740999982,1381916.362853569,1249033.524077989,1881,1089,1064,4034,1.973799479415561e-07,1958675.8592507094,65.79332246575683
conteos_oscuros,,29,30558,30559,5.0,0.1,0.85,65.79332246575683,0.98,4,1024,4,0.00390625,0.000676999984,1512555.4271800395,1392082.000532862,1829,1048,986,3863,1.973799479415561e-07,1958675.8592507094,65.79332246575683
conteos_oscuros,,0,30600,30601,5.0,0.1,0.85,151.99110829529332,0.98,4,1024,5,0.0048828125,0.000740999982,1381916.362853569,1249033.524077989,2198,1296,1289,4783,4.5597322095858317e-07,1958683.1105499305,151.99110829529332
conteos_oscuros,,1,30602,30603,5.0,0.1,0.85,151.99110829529332,0.98,4,1024,3,0.0029296875,0.000708999983,1444287.763826364,1354211.0351003231,2121,1299,1244,4664,4.5597322095858317e-07,1958683.1105499305,151.99110829529332
conteos_oscuros,,2,30604,30605,5.0,0.1,0.85,151.99110829529332,0.98,4,1024,2,0.001953125,0.000708999983,1444287.763826364,1380668.083541291,2068,1258,1249,4575,4.5597322095858317e-07,1958683.1105499305,151.99110829529332
conteos_oscuros,,3,30606,30607,5.0,0.1,0.85,151.99110829529332,0.98,4,1024,7,0.0068359375,0.000740999982,1381916.362853569,1205814.3152647992,2114,1248,1334,4696,4.5597322095858317e-07,1958683.1105499305,151.99110829529332
conteos_oscuros,,4,30608,30609,5.0,0.1,0.85,151.99110829529332,0.98,4,1024,6,0.005859375,0.000708999983,1444287.763826364,1282452.3169392955,2080,1266,1260,4606,4.5597322095858317e-07,1958683.1105499305,151.99110829529332
conteos_oscuros,,5,30610,30611,5.0,0.1,0.85,151.99110829529332,0.98,4,1024,2,0.001953125,0.000708999983,1444287.763826364,1380668.083541291,2117,1253,1308,4678,4.5597322095858317e-07,1958683.1105499305,151.99110829529332
conteos_oscuros,,6,30612,30613,5.0,0.1,0.85,151.99110829529332,0.98,4,1024,3,0.0029296875,0.000708999983,1444287.763826364,1354211.0351003231,2109,1200,1236,4545,4.5597322095858317e-07,1958683.1105499305,151.99110829529332
conteos_oscuros,,7,30614,30615,5.0,0.1,0.85,151.99110829529332,0.98,4,1024,6,0.005859375,0.000740999982,1381916.362853569,1227069.7611275665,2160,1339,1316,4815,4.5597322095858317e-07,1958683.1105499305,151.99110829529332
conteos_oscuros,,8,30616,30617,5.0,0.1,0.85,151.99110829529332,0.98,4,1024,4,0.00390625,0.000708999983,1444287.763826364,1329251.783758415,2067,1279,1232,4578,4.5597322095858317e-07,1958683.1105499305,151.99110829529332
conteos_oscuros,,9,30618,30619,5.0,0.1,0.85,151.99110829529332,0.98,4,1024,3,0.0029296875,0.000708999983,1444287.763826364,1354211.0351003231,2150,1224,1257,4631,4.5597322095858317e-07,1958683.1105499305,151.99110829529332
conteos_oscuros,,10,30620,30621,5.0,0.1,0.85,151.99110829529332,0.98,4,1024,8,0.0078125,0.000708999983,1444287.763826364,1238657.1047389212,2009,1183,1263,4455,4.5597322095858317e-07,1958683.1105499305,151.99110829529332
conteos_oscuros,,11,30622,30623,5.0,0.1,0.85,151.99110829529332,0.98,4,1024,5,0.0048828125,0.000708999983,1444287.763826364,1305407.3921736418,2135,1238,1271,4644,4.5597322095858317e-07,1958683.1105499305,151.99110829529332
conteos_oscuros,,12,30624,30625,5.0,0.1,0.85,151.99110829529332,0.98,4,1024,1,0.0009765625,0.000740999982,1381916.362853569,1348563.1917325174,2191,1305,1247,4743,4.5597322095858317e-07,1958683.1105499305,151.99110829529332
conteos_oscuros,,13,30626,30627,5.0,0.1,0.85,151.99110829529332,0.98,4,1024,6,0.005859375,0.000708999983,1444287.763826364,1282452.3169392955,2070,1327,1218,4615,4.5597322095858317e-07,1958683.1105499305,151.99110829529332
conteos_oscuros,,14,30628,30629,5.0,0.1,0.85,151.99110829529332,0.98,4,1024,3,0.0029296875,0.000708999983,1444287.763826364,1354211.0351003231,2091,1223,1224,4538,4.5597322095858317e-07,1958683.1105499305,151.99110829529332
conteos_oscuros,,15,30630,30631,5.0,0.1,0.85,151.99110829529332,0.98,4,1024,4,0.00390625,0.000708999983,1444287.763826364,1329251.783758415,2168,1162,1226,4556,4.5597322095858317e-07,1958683.1105499305,151.99110829529332
conteos_oscuros,,16,30632,30633,5.0,0.1,0.85,151.99110829529332,0.98,4,1024,2,0.001953125,0.000708999983,1444287.763826364,1380668.083541291,2067,1253,1237,4557,4.5597322095858317e-07,1958683.1105499305,151.99110829529332
conteos_oscuros,,17,30634,30635,5.0,0.1,0.85,151.99110829529332,0.98,4,1024,5,0.0048828125,0.000708999983,1444287.763826364,1305407.3921736418,2131,1182,1276,4589,4.5597322095858317e-07,1958683.1105499305,151.99110829529332
conteos_oscuros,,18,30636,30637,5.0,0.1,0.85,151.99110829529332,0.98,4,1024,6,0.005859375,0.000708999983,1444287.763826364,1282452.3169392955,2139,1245,1317,4701,4.5597322095858317e-07,1958683.1105499305,151.99110829529332
conteos_oscuros,,19,30638,30639,5.0,0.1,0.85,151.99110829529332,0.98,4,1024,3,0.0029296875,0.000708999983,1444287.763826364,1354211.0351003231,2138,1243,1282,4663,4.5597322095858317e-07,1958683.1105499305,151.99110829529332
conteos_oscuros,,20,30640,30641,5.0,0.1,0.85,151.99110829529332,0.98,4,1024,2,0.001953125,0.000708999983,1444287.763826364,1380668.083541291,2132,1250,1275,4657,4.5597322095858317e-07,1958683.1105499305,151.99110829529332
conteos_oscuros,,21,30642,30643,5.0,0.1,0.85,151.99110829529332,0.98,4,1024,4,0.00390625,0.000708999983,1444287.763826364,1329251.783758415,2077,1261,1290,4628,4.5597322095858317e-07,1958683.1105499305,151.99110829529332
conteos_oscuros,,22,30644,30645,5.0,0.1,0.85,151.99110829529332,0.98,4,1024,3,0.0029296875,0.000676999984,1512555.4271800395,1418221.009684014,2039,1260,1187,4486,4.5597322095858317e-07,1958683.1105499305,151.99110829529332
conteos_oscuros,,23,30646,30647,5.0,0.1,0.85,151.99110829529332,0.98,4,1024,5,0.0048828125,0.000708999983,1444287.763826364,1305407.3921736418,2056,1232,1253,4541,4.5597322095858317e-07,1958683.1105499305,151.99110829529332
conteos_oscuros,,24,30648,30649,5.0,0.1,0.85,151.99110829529332,0.98,4,1024,1,0.0009765625,0.000740999982,1381916.362853569,1348563.1917325174,2153,1320,1282,4755,4.5597322095858317e-07,1958683.1105499305,151.99110829529332
conteos_oscuros,,25,30650,30651,5.0,0.1,0.85,151.99110829529332,0.98,4,1024,4,0.00390625,0.000708999983,1444287.763826364,1329251.783758415,2033,1237,1264,4534,4.5597322095858317e-07,1958683.1105499305,151.99110829529332
conteos_oscuros,,26,30652,30653,5.0,0.1,0.85,151.99110829529332,0.98,4,1024,3,0.0029296875,0.000708999983,1444287.763826364,1354211.0351003231,1947,1258,1269,4474,4.5597322095858317e-07,1958683.1105499305,151.99110829529332
conteos_oscuros,,27,30654,30655,5.0,0.1,0.85,151.99110829529332,0.98,4,1024,3,0.0029296875,0.000676999984,1512555.4271800395,1418221.009684014,1962,1249,1226,4437,4.5597322095858317e-07,1958683.1105499305,151.99110829529332
conteos_oscuros,,28,30656,30657,5.0,0.1,0.85,151.99110829529332,0.98,4,1024,0,0.0,0.000708999983,1444287.763826364,1444287.763826204,2099,1166,1259,4524,4.5597322095858317e-07,1958683.1105499305,151.99110829529332
conteos_oscuros,,29,30658,30659,5.0,0.1,0.85,151.99110829529332,0.98,4,1024,2,0.001953125,0.000708999983,1444287.763826364,1380668.083541291,2017,1271,1263,4551,4.5597322095858317e-07,1958683.1105499305,151.99110829529332
conteos_oscuros,,0,30700,30701,5.0,0.1,0.85,351.1191734215131,0.98,4,1024,4,0.00390625,0.000740999982,1381916.362853569,1271848.1983545255,2620,1746,1777,6143,1.0533569654302966e-06,1958699.8619844532,351.1191734215131
conteos_oscuros,,1,30702,30703,5.0,0.1,0.85,351.1191734215131,0.98,4,1024,1,0.0009765625,0.000708999983,1444287.763826364,1409429.230973138,2620,1709,1725,6054,1.0533569654302966e-06,1958699.8619844532,351.1191734215131
conteos_oscuros,,2,30704,30705,5.0,0.1,0.85,351.1191734215131,0.98,4,1024,2,0.001953125,0.000740999982,1381916.362853569,1321044.091144685,2552,1842,1744,6138,1.0533569654302966e-06,1958699.8619844532,351.1191734215131
conteos_oscuros,,3,30706,30707,5.0,0.1,0.85,351.1191734215131,0.98,4,1024,8,0.0078125,0.000676999984,1512555.4271800395,1297205.1506026685,2504,1776,1715,5995,1.0533569654302966e-06,1958699.8619844532,351.1191734215131
conteos_oscuros,,4,30708,30709,5.0,0.1,0.85,351.1191734215131,0.98,4,1024,5,0.0048828125,0.000740999982,1381916.362853569,1249033.524077989,2638,1790,1760,6188,1.0533569654302966e-06,1958699.8619844532,351.1191734215131
conteos_oscuros,,5,30710,30711,5.0,0.1,0.85,351.1191734215131,0.98,4,1024,2,0.001953125,0.000676999984,1512555.4271800395,1445928.6128423568,2618,1701,1687,6006,1.0533569654302966e-06,1958699.8619844532,351.1191734215131
conteos_oscuros,,6,30712,30713,5.0,0.1,0.85,351.1191734215131,0.98,4,1024,3,0.0029296875,0.000708999983,1444287.763826364,1354211.0351003231,2617,1804,1798,6219,1.0533569654302966e-06,1958699.8619844532,351.1191734215131
conteos_oscuros,,7,30714,30715,5.0,0.1,0.85,351.1191734215131,0.98,4,1024,6,0.005859375,0.000740999982,1381916.362853569,1227069.7611275665,2569,1801,1818,6188,1.0533569654302966e-06,1958699.8619844532,351.1191734215131
conteos_oscuros,,8,30716,30717,5.0,0.1,0.85,351.1191734215131,0.98,4,1024,2,0.001953125,0.000708999983,1444287.763826364,1380668.083541291,2641,1720,1802,6163,1.0533569654302966e-06,1958699.8619844532,351.1191734215131
conteos_oscuros,,9,30718,30719,5.0,0.1,0.85,351.1191734215131,0.98,4,1024,5,0.0048828125,0.000740999982,1381916.362853569,1249033.524077989,2673,1735,1833,6241,1.0533569654302966e-06,1958699.8619844532,351.1191734215131
conteos_oscuros,,10,30720,30721,5.0,0.1,0.85,351.1191734215131,0.98,4,1024,2,0.001953125,0.000708999983,1444287.763826364,1380668.083541291,2519,1775,1731,6025,1.0533569654302966e-06,1958699.8619844532,351.1191734215131
conteos_oscuros,,11,30722,30723,5.0,0.1,0.85,351.1191734215131,0.98,4,1024,7,0.0068359375,0.000740999982,1381916.362853569,1205814.3152647992,2708,1738,1840,6286,1.0533569654302966e-06,1958699.8619844532,351.1191734215131
conteos_oscuros,,12,30724,30725,5.0,0.1,0.85,351.1191734215131,0.98,4,1024,0,0.0,0.000740999982,1381916.362853569,1381916.3628534158,2657,1799,1774,6230,1.0533569654302966e-06,1958699.8619844532,351.1191734215131
conteos_oscuros,,13,30726,30727,5.0,0.1,0.85,351.1191734215131,0.98,4,1024,2,0.001953125,0.000676999984,1512555.4271800395,1445928.6128423568,2590,1695,1690,5975,1.0533569654302966e-06,1958699.8619844532,351.1191734215131
conteos_oscuros,,14,30728,30729,5.0,0.1,0.85,351.1191734215131,0.98,4,1024,1,0.0009765625,0.000708999983,1444287.763826364,1409429.230973138,2526,1776,1816,6118,1.0533569654302966e-06,1958699.8619844532,351.1191734215131
conteos_oscuros,,15,30730,30731,5.0,0.1,0.85,351.1191734215131,0.98,4,1024,7,0.0068359375,0.000708999983,1444287.763826364,1260237.5279698118,2549,1762,1738,6049,1.0533569654302966e-06,1958699.8619844532,351.1191734215131
conteos_oscuros,,16,30732,30733,5.0,0.1,0.85,351.1191734215131,0.98,4,1024,2,0.001953125,0.000708999983,1444287.763826364,1380668.083541291,2468,1718,1735,5921,1.0533569654302966e-06,1958699.8619844532,351.1191734215131
conteos_oscuros,,17,30734,30735,5.0,0.1,0.85,351.1191734215131,0.98,4,1024,4,0.00390625,0.000708999983,1444287.763826364,1329251.783758415,2631,1724,1635,5990,1.0533569654302966e-06,1958699.8619844532,351.1191734215131
conteos_oscuros,,18,30736,30737,5.0,0.1,0.85,351.1191734215131,0.98,4,1024,3,0.0029296875,0.000740999982,1381916.362853569,1295729.5872978058,2614,1852,1805,6271,1.0533569654302966e-06,1958699.8619844532,351.1191734215131
conteos_oscuros,,19,30738,30739,5.0,0.1,0.85,351.1191734215131,0.98,4,1024,5,0.0048828125,0.000708999983,1444287.763826364,1305407.3921736418,2553,1724,1787,6064,1.0533569654302966e-06,1958699.8619844532,351.1191734215131
conteos_oscuros,,20,30740,30741,5.0,0.1,0.85,351.1191734215131,0.98,4,1024,3,0.0029296875,0.000708999983,1444287.763826364,1354211.0351003231,2570,1755,1731,6056,1.0533569654302966e-06,1958699.8619844532,351.1191734215131
conteos_oscuros,,21,30742,30743,5.0,0.1,0.85,351.1191734215131,0.98,4,1024,1,0.0009765625,0.000708999983,1444287.763826364,1409429.230973138,2543,1837,1755,6135,1.0533569654302966e-06,1958699.8619844532,351.1191734215131
conteos_oscuros,,22,30744,30745,5.0,0.1,0.85,351.1191734215131,0.98,4,1024,2,0.001953125,0.000708999983,1444287.763826364,1380668.083541291,2546,1742,1704,5992,1.0533569654302966e-06,1958699.8619844532,351.1191734215131
conteos_oscuros,,23,30746,30747,5.0,0.1,0.85,351.1191734215131,0.98,4,1024,2,0.001953125,0.000708999983,1444287.763826364,1380668.083541291,2578,1772,1741,6091,1.0533569654302966e-06,1958699.8619844532,351.1191734215131
conteos_oscuros,,24,30748,30749,5.0,0.1,0.85,351.1191734215131,0.98,4,1024,4,0.00390625,0.000708999983,1444287.763826364,1329251.783758415,2600,1733,1819,6152,1.0533569654302966e-06,1958699.8619844532,351.1191734215131
conteos_oscuros,,25,30750,30751,5.0,0.1,0.85,351.1191734215131,0.98,4,1024,6,0.005859375,0.000708999983,1444287.763826364,1282452.3169392955,2664,1804,1718,6186,1.0533569654302966e-06,1958699.8619844532,351.1191734215131
conteos_oscuros,,26,30752,30753,5.0,0.1,0.85,351.1191734215131,0.98,4,1024,4,0.00390625,0.000676999984,1512555.4271800395,1392082.000532862,2549,1713,1695,5957,1.0533569654302966e-06,1958699.8619844532,351.1191734215131
conteos_oscuros,,27,30754,30755,5.0,0.1,0.85,351.1191734215131,0.98,4,1024,2,0.001953125,0.000740999982,1381916.362853569,1321044.091144685,2665,1830,1789,6284,1.0533569654302966e-06,1958699.8619844532,351.1191734215131
conteos_oscuros,,28,30756,30757,5.0,0.1,0.85,351.1191734215131,0.98,4,1024,4,0.00390625,0.000708999983,1444287.763826364,1329251.783758415,2617,1711,1755,6083,1.0533569654302966e-06,1958699.8619844532,351.1191734215131
conteos_oscuros,,29,30758,30759,5.0,0.1,0.85,351.1191734215131,0.98,4,1024,7,0.0068359375,0.000772999981,1324708.958822083,1155897.0347588642,2718,1803,1712,6233,1.0533569654302966e-06,1958699.8619844532,351.1191734215131
conteos_oscuros,,0,30800,30801,5.0,0.1,0.85,811.1308307896873,0.98,4,1024,2,0.001953125,0.000708999983,1444287.763826364,1380668.083541291,3683,2879,2800,9362,2.433389531653063e-06,1958738.5599326023,811.1308307896873
conteos_oscuros,,1,30802,30803,5.0,0.1,0.85,811.1308307896873,0.98,4,1024,4,0.00390625,0.000740999982,1381916.362853569,1271848.1983545255,3769,2929,2847,9545,2.433389531653063e-06,1958738.5599326023,811.1308307896873
conteos_oscuros,,2,30804,30805,5.0,0.1,0.85,811.1308307896873,0.98,4,1024,3,0.0029296875,0.000708999983,1444287.763826364,1354211.0351003231,3673,2947,2814,9434,2.433389531653063e-06,1958738.5599326023,811.1308307896873
conteos_oscuros,,3,30806,30807,5.0,0.1,0.85,811.1308307896873,0.98,4,1024,2,0.001953125,0.000740999982,1381916.362853569,1321044.091144685,3788,2893,2956,9637,2.433389531653063e-06,1958738.5599326023,811.1308307896873
conteos_oscuros,,4,30808,30809,5.0,0.1,0.85,811.1308307896873,0.98,4,1024,5,0.0048828125,0.000740999982,1381916.362853569,1249033.524077989,3606,2965,2968,9539,2.433389531653063e-06,1958738.5599326023,811.1308307896873
conteos_oscuros,,5,30810,30811,5.0,0.1,0.85,811.1308307896873,0.98,4,1024,2,0.001953125,0.000708999983,1444287.763826364,1380668.083541291,3753,2954,2847,9554,2.433389531653063e-06,1958738.5599326023,811.1308307896873
conteos_oscuros,,6,30812,30813,5.0,0.1,0.85,811.1308307896873,0.98,4,1024,3,0.0029296875,0.000708999983,1444287.763826364,1354211.0351003231,3811,2809,2817,9437,2.433389531653063e-06,1958738.5599326023,811.1308307896873
conteos_oscuros,,7,30814,30815,5.0,0.1,0.85,811.1308307896873,0.98,4,1024,4,0.00390625,0.000740999982,1381916.362853569,1271848.1983545255,3857,2975,3001,9833,2.433389531653063e-06,1958738.5599326023,811.1308307896873
conteos_oscuros,,8,30816,30817,5.0,0.1,0.85,811.1308307896873,0.98,4,1024,9,0.0087890625,0.000708999983,1444287.763826364,1217631.8516158161,3719,2936,2902,9557,2.433389531653063e-06,1958738.5599326023,811.1308307896873
conteos_oscuros,,9,30818,30819,5.0,0.1,0.85,811.1308307896873,0.98,4,1024,4,0.00390625,0.000708999983,1444287.763826364,1329251.783758415,3772,2929,2893,9594,2.433389531653063e-06,1958738.5599326023,811.1308307896873
conteos_oscuros,,10,30820,30821,5.0,0.1,0.85,811.1308307896873,0.98,4,1024,0,0.0,0.000676999984,1512555.4271800395,1512555.4271798718,3680,2801,2946,9427,2.433389531653063e-06,1958738.5599326023,811.1308307896873
conteos_oscuros,,11,30822,30823,5.0,0.1,0.85,811.1308307896873,0.98,4,1024,1,0.0009765625,0.000708999983,1444287.763826364,1409429.230973138,3751,2831,3002,9584,2.433389531653063e-06,1958738.5599326023,811.1308307896873
conteos_oscuros,,12,30824,30825,5.0,0.1,0.85,811.1308307896873,0.98,4,1024,3,0.0029296875,0.000740999982,1381916.362853569,1295729.5872978058,3715,2881,2931,9527,2.433389531653063e-06,1958738.5599326023,811.1308307896873
conteos_oscuros,,13,30826,30827,5.0,0.1,0.85,811.1308307896873,0.98,4,1024,3,0.0029296875,0.000740999982,1381916.362853569,1295729.5872978058,3778,2997,3045,9820,2.433389531653063e-06,1958738.5599326023,811.1308307896873
conteos_oscuros,,14,30828,30829,5.0,0.1,0.85,811.1308307896873,0.98,4,1024,3,0.0029296875,0.000740999982,1381916.362853569,1295729.5872978058,3855,2964,2896,9715,2.433389531653063e-06,1958738.5599326023,811.1308307896873
conteos_oscuros,,15,30830,30831,5.0,0.1,0.85,811.1308307896873,0.98,4,1024,5,0.0048828125,0.000708999983,1444287.763826364,1305407.3921736418,3717,2855,2896,9468,2.433389531653063e-06,1958738.5599326023,811.1308307896873
conteos_oscuros,,16,30832,30833,5.0,0.1,0.85,811.1308307896873,0.98,4,1024,4,0.00390625,0.000708999983,1444287.763826364,1329251.783758415,3745,2941,2920,9606,2.433389531653063e-06,1958738.5599326023,811.1308307896873
conteos_oscuros,,17,30834,30835,5.0,0.1,0.85,811.1308307896873,0.98,4,1024,5,0.0048828125,0.000740999982,1381916.362853569,1249033.524077989,3775,3034,2822,9631,2.433389531653063e-06,1958738.5599326023,811.1308307896873
conteos_oscuros,,18,30836,30837,5.0,0.1,0.85,811.1308307896873,0.98,4,1024,3,0.0029296875,0.000708999983,1444287.763826364,1354211.0351003231,3804,2886,2934,9624,2.433389531653063e-06,1958738.5599326023,811.1308307896873
conteos_oscuros,,19,30838,30839,5.0,0.1,0.85,811.1308307896873,0.98,4,1024,3,0.0029296875,0.000708999983,1444287.763826364,1354211.0351003231,3729,2809,2945,9483,2.433389531653063e-06,1958738.5599326023,811.1308307896873
conteos_oscuros,,20,30840,30841,5.0,0.1,0.85,811.1308307896873,0.98,4,1024,4,0.00390625,0.000740999982,1381916.362853569,1271848.1983545255,3832,2909,2994,9735,2.433389531653063e-06,1958738.5599326023,811.1308307896873
conteos_oscuros,,21,30842,30843,5.0,0.1,0.85,811.1308307896873,0.98,4,1024,2,0.001953125,0.000708999983,1444287.763826364,1380668.083541291,3697,2852,2807,9356,2.433389531653063e-06,1958738.5599326023,811.1308307896873
conteos_oscuros,,22,30844,30845,5.0,0.1,0.85,811.1308307896873,0.98,4,1024,2,0.001953125,0.000676999984,1512555.4271800395,1445928.6128423568,3724,2865,2829,9418,2.433389531653063e-06,1958738.5599326023,811.1308307896873
conteos_oscuros,,23,30846,30847,5.0,0.1,0.85,811.1308307896873,0.98,4,1024,4,0.00390625,0.000676999984,1512555.4271800395,1392082.000532862,3634,2891,2832,9357,2.433389531653063e-06,1958738.5599326023,811.1308307896873
conteos_oscuros,,24,30848,30849,5.0,0.1,0.85,811.1308307896873,0.98,4,1024,3,0.0029296875,0.000708999983,1444287.763826364,1354211.0351003231,3691,2979,2838,9508,2.433389531653063e-06,1958738.5599326023,811.1308307896873
conteos_oscuros,,25,30850,30851,5.0,0.1,0.85,811.1308307896873,0.98,4,1024,5,0.0048828125,0.000740999982,1381916.362853569,1249033.524077989,3726,2957,2865,9548,2.433389531653063e-06,1958738.5599326023,811.1308307896873
conteos_oscuros,,26,30852,30853,5.0,0.1,0.85,811.1308307896873,0.98,4,1024,3,0.0029296875,0.000708999983,1444287.763826364,1354211.0351003231,3681,2900,2910,9491,2.433389531653063e-06,1958738.5599326023,811.1308307896873
conteos_oscuros,,27,30854,30855,5.0,0.1,0.85,811.1308307896873,0.98,4,1024,5,0.0048828125,0.000708999983,1444287.763826364,1305407.3921736418,3745,2887,2887,9519,2.433389531653063e-06,1958738.5599326023,811.1308307896873
conteos_oscuros,,28,30856,30857,5.0,0.1,0.85,811.1308307896873,0.98,4,1024,4,0.00390625,0.000708999983,1444287.763826364,1329251.783758415,3804,2926,2872,9602,2.433389531653063e-06,1958738.5599326023,811.1308307896873
conteos_oscuros,,29,30858,30859,5.0,0.1,0.85,811.1308307896873,0.98,4,1024,2,0.001953125,0.000740999982,1381916.362853569,1321044.091144685,3856,2997,2900,9753,2.433389531653063e-06,1958738.5599326023,811.1308307896873
conteos_oscuros,,0,30900,30901,5.0,0.1,0.85,1873.817422860385,0.98,4,1024,4,0.00390625,0.000708999983,1444287.763826364,1329251.783758415,6347,5644,5583,17574,5.62143646820612e-06,1958827.9570077716,1873.817422860385
conteos_oscuros,,1,30902,30903,5.0,0.1,0.85,1873.817422860385,0.98,4,1024,5,0.0048828125,0.000708999983,1444287.763826364,1305407.3921736418,6346,5745,5557,17648,5.62143646820612e-06,1958827.9570077716,1873.817422860385
conteos_oscuros,,2,30904,30905,5.0,0.1,0.85,1873.817422860385,0.98,4,1024,5,0.0048828125,0.000708999983,1444287.763826364,1305407.3921736418,6409,5610,5563,17582,5.62143646820612e-06,1958827.9570077716,1873.817422860385
conteos_oscuros,,3,30906,30907,5.0,0.1,0.85,1873.817422860385,0.98,4,1024,5,0.0048828125,0.000708999983,1444287.763826364,1305407.3921736418,6416,5576,5539,17531,5.62143646820612e-06,1958827.9570077716,1873.817422860385
conteos_oscuros,,4,30908,30909,5.0,0.1,0.85,1873.817422860385,0.98,4,1024,1,0.0009765625,0.000708999983,1444287.763826364,1409429.230973138,6341,5462,5523,17326,5.62143646820612e-06,1958827.9570077716,1873.817422860385
conteos_oscuros,,5,30910,30911,5.0,0.1,0.85,1873.817422860385,0.98,4,1024,2,0.001953125,0.000708999983,1444287.763826364,1380668.083541291,6353,5588,5616,17557,5.62143646820612e-06,1958827.9570077716,1873.817422860385
conteos_oscuros,,6,30912,30913,5.0,0.1,0.85,1873.817422860385,0.98,4,1024,5,0.0048828125,0.000708999983,1444287.763826364,1305407.3921736418,6494,5465,5506,17465,5.62143646820612e-06,1958827.9570077716,1873.817422860385
conteos_oscuros,,7,30914,30915,5.0,0.1,0.85,1873.817422860385,0.98,4,1024,5,0.0048828125,0.000708999983,1444287.763826364,1305407.3921736418,6337,5526,5573,17436,5.62143646820612e-06,1958827.9570077716,1873.817422860385
conteos_oscuros,,8,30916,30917,5.0,0.1,0.85,1873.817422860385,0.98,4,1024,0,0.0,0.000708999983,1444287.763826364,1444287.763826204,6367,5596,5498,17461,5.62143646820612e-06,1958827.9570077716,1873.817422860385
conteos_oscuros,,9,30918,30919,5.0,0.1,0.85,1873.817422860385,0.98,4,1024,4,0.00390625,0.000708999983,1444287.763826364,1329251.783758415,6383,5437,5489,17309,5.62143646820612e-06,1958827.9570077716,1873.817422860385
conteos_oscuros,,10,30920,30921,5.0,0.1,0.85,1873.817422860385,0.98,4,1024,6,0.005859375,0.000740999982,1381916.362853569,1227069.7611275665,6440,5521,5643,17604,5.62143646820612e-06,1958827.9570077716,1873.817422860385
conteos_oscuros,,11,30922,30923,5.0,0.1,0.85,1873.817422860385,0.98,4,1024,4,0.00390625,0.000708999983,1444287.763826364,1329251.783758415,6430,5582,5652,17664,5.62143646820612e-06,1958827.9570077716,1873.817422860385
conteos_oscuros,,12,30924,30925,5.0,0.1,0.85,1873.817422860385,0.98,4,1024,4,0.00390625,0.000740999982,1381916.362853569,1271848.1983545255,6508,5554,5628,17690,5.62143646820612e-06,1958827.9570077716,1873.817422860385
conteos_oscuros,,13,30926,30927,5.0,0.1,0.85,1873.817422860385,0.98,4,1024,4,0.00390625,0.000708999983,1444287.763826364,1329251.783758415,6375,5546,5619,17540,5.62143646820612e-06,1958827.9570077716,1873.817422860385
conteos_oscuros,,14,30928,30929,5.0,0.1,0.85,1873.817422860385,0.98,4,1024,4,0.00390625,0.000708999983,1444287.763826364,1329251.783758415,6384,5476,5498,17358,5.62143646820612e-06,1958827.9570077716,1873.817422860385
conteos_oscuros,,15,30930,30931,5.0,0.1,0.85,1873.817422860385,0.98,4,1024,2,0.001953125,0.000740999982,1381916.362853569,1321044.091144685,6476,5638,5616,17730,5.62143646820612e-06,1958827.9570077716,1873.817422860385
conteos_oscuros,,16,30932,30933,5.0,0.1,0.85,1873.817422860385,0.98,4,1024,1,0.0009765625,0.000708999983,1444287.763826364,1409429.230973138,6323,5445,5520,17288,5.62143646820612e-06,1958827.9570077716,1873.817422860385
conteos_oscuros,,17,30934,30935,5.0,0.1,0.85,1873.817422860385,0.98,4,1024,3,0.0029296875,0.000740999982,1381916.362853569,1295729.5872978058,6495,5640,5562,17697,5.62143646820612e-06,1958827.9570077716,1873.817422860385
conteos_oscuros,,18,30936,30937,5.0,0.1,0.85,1873.817422860385,0.98,4,1024,3,0.0029296875,0.000708999983,1444287.763826364,1354211.0351003231,6336,5562,5553,17451,5.62143646820612e-06,1958827.9570077716,1873.817422860385
conteos_oscuros,,19,30938,30939,5.0,0.1,0.85,1873.817422860385,0.98,4,1024,6,0.005859375,0.000708999983,1444287.763826364,1282452.3169392955,6301,5454,5561,17316,5.62143646820612e-06,1958827.9570077716,1873.817422860385
conteos_oscuros,,20,30940,30941,5.0,0.1,0.85,1873.817422860385,0.98,4,1024,4,0.00390625,0.000708999983,1444287.763826364,1329251.783758415,6423,5603,5445,17471,5.62143646820612e-06,1958827.9570077716,1873.817422860385
conteos_oscuros,,21,30942,30943,5.0,0.1,0.85,1873.817422860385,0.98,4,1024,1,0.0009765625,0.000708999983,1444287.763826364,1409429.230973138,6290,5689,5567,17546,5.62143646820612e-06,1958827.9570077716,1873.817422860385
conteos_oscuros,,22,30944,30945,5.0,0.1,0.85,1873.817422860385,0.98,4,1024,8,0.0078125,0.000708999983,1444287.763826364,1238657.1047389212,6375,5502,5624,17501,5.62143646820612e-06,1958827.9570077716,1873.817422860385
conteos_oscuros,,23,30946,30947,5.0,0.1,0.85,1873.817422860385,0.98,4,1024,2,0.001953125,0.000740999982,1381916.362853569,1321044.091144685,6403,5585,5548,17536,5.62143646820612e-06,1958827.9570077716,1873.817422860385
conteos_oscuros,,24,30948,30949,5.0,0.1,0.85,1873.817422860385,0.98,4,1024,3,0.0029296875,0.000676999984,1512555.4271800395,1418221.009684014,6229,5472,5424,17125,5.62143646820612e-06,1958827.9570077716,1873.817422860385
conteos_oscuros,,25,30950,30951,5.0,0.1,0.85,1873.817422860385,0.98,4,1024,5,0.0048828125,0.000708999983,1444287.763826364,1305407.3921736418,6482,5490,5438,17410,5.62143646820612e-06,1958827.9570077716,1873.817422860385
conteos_oscuros,,26,30952,30953,5.0,0.1,0.85,1873.817422860385,0.98,4,1024,1,0.0009765625,0.000708999983,1444287.763826364,1409429.230973138,6297,5605,5621,17523,5.62143646820612e-06,1958827.9570077716,1873.817422860385
conteos_oscuros,,27,30954,30955,5.0,0.1,0.85,1873.817422860385,0.98,4,1024,3,0.0029296875,0.000740999982,1381916.362853569,1295729.5872978058,6554,5543,5626,17723,5.62143646820612e-06,1958827.9570077716,1873.817422860385
conteos_oscuros,,28,30956,30957,5.0,0.1,0.85,1873.817422860385,0.98,4,1024,1,0.0009765625,0.000708999983,1444287.763826364,1409429.230973138,6368,5500,5657,17525,5.62143646820612e-06,1958827.9570077716,1873.817422860385
conteos_oscuros,,29,30958,30959,5.0,0.1,0.85,1873.817422860385,0.98,4,1024,4,0.00390625,0.000740999982,1381916.362853569,1271848.1983545255,6318,5568,5577,17463,5.62143646820612e-06,1958827.9570077716,1873.817422860385
conteos_oscuros,,0,31000,31001,5.0,0.1,0.85,4328.7612810830615,0.98,4,1024,4,0.00390625,0.000708999983,1444287.763826364,1329251.783758415,12491,11702,11751,35944,1.2986199521836106e-05,1959034.4747565435,4328.7612810830615
conteos_oscuros,,1,31002,31003,5.0,0.1,0.85,4328.7612810830615,0.98,4,1024,3,0.0029296875,0.000708999983,1444287.763826364,1354211.0351003231,12386,11605,11688,35679,1.2986199521836106e-05,1959034.4747565435,4328.7612810830615
conteos_oscuros,,2,31004,31005,5.0,0.1,0.85,4328.7612810830615,0.98,4,1024,5,0.0048828125,0.000708999983,1444287.763826364,1305407.3921736418,12548,11718,11559,35825,1.2986199521836106e-05,1959034.4747565435,4328.7612810830615
conteos_oscuros,,3,31006,31007,5.0,0.1,0.85,4328.7612810830615,0.98,4,1024,2,0.001953125,0.000740999982,1381916.362853569,1321044.091144685,12440,11788,11693,35921,1.2986199521836106e-05,1959034.4747565435,4328.7612810830615
conteos_oscuros,,4,31008,31009,5.0,0.1,0.85,4328.7612810830615,0.98,4,1024,5,0.0048828125,0.000740999982,1381916.362853569,1249033.524077989,12651,11810,11666,36127,1.2986199521836106e-05,1959034.4747565435,4328.7612810830615
conteos_oscuros,,5,31010,31011,5.0,0.1,0.85,4328.7612810830615,0.98,4,1024,4,0.00390625,0.000708999983,1444287.763826364,1329251.783758415,12512,11808,11701,36021,1.2986199521836106e-05,1959034.4747565435,4328.7612810830615
conteos_oscuros,,6,31012,31013,5.0,0.1,0.85,4328.7612810830615,0.98,4,1024,3,0.0029296875,0.000740999982,1381916.362853569,1295729.5872978058,12756,11825,11775,36356,1.2986199521836106e-05,1959034.4747565435,4328.7612810830615
conteos_oscuros,,7,31014,31015,5.0,0.1,0.85,4328.7612810830615,0.98,4,1024,2,0.001953125,0.000708999983,1444287.763826364,1380668.083541291,12645,11737,11825,36207,1.2986199521836106e-05,1959034.4747565435,4328.7612810830615
conteos_oscuros,,8,31016,31017,5.0,0.1,0.85,4328.7612810830615,0.98,4,1024,6,0.005859375,0.000708999983,1444287.763826364,1282452.3169392955,12577,11623,11691,35891,1.2986199521836106e-05,1959034.4747565435,4328.7612810830615
conteos_oscuros,,9,31018,31019,5.0,0.1,0.85,4328.7612810830615,0.98,4,1024,9,0.0087890625,0.000740999982,1381916.362853569,1165048.560144057,12383,11627,11855,35865,1.2986199521836106e-05,1959034.4747565435,4328.7612810830615
conteos_oscuros,,10,31020,31021,5.0,0.1,0.85,4328.7612810830615,0.98,4,1024,5,0.0048828125,0.000676999984,1512555.4271800395,1367110.547611455,12404,11748,11602,35754,1.2986199521836106e-05,1959034.4747565435,4328.7612810830615
conteos_oscuros,,11,31022,31023,5.0,0.1,0.85,4328.7612810830615,0.98,4,1024,2,0.001953125,0.000740999982,1381916.362853569,1321044.091144685,12604,11798,11832,36234,1.2986199521836106e-05,1959034.4747565435,4328.7612810830615
conteos_oscuros,,12,31024,31025,5.0,0.1,0.85,4328.7612810830615,0.98,4,1024,5,0.0048828125,0.000708999983,1444287.763826364,1305407.3921736418,12571,11593,11923,36087,1.2986199521836106e-05,1959034.4747565435,4328.7612810830615
conteos_oscuros,,13,31026,31027,5.0,0.1,0.85,4328.7612810830615,0.98,4,1024,2,0.001953125,0.000740999982,1381916.362853569,1321044.091144685,12512,11535,12003,36050,1.2986199521836106e-05,1959034.4747565435,4328.7612810830615
conteos_oscuros,,14,31028,31029,5.0,0.1,0.85,4328.7612810830615,0.98,4,1024,3,0.0029296875,0.000708999983,1444287.763826364,1354211.0351003231,12769,11768,11562,36099,1.2986199521836106e-05,1959034.4747565435,4328.7612810830615
conteos_oscuros,,15,31030,31031,5.0,0.1,0.85,4328.7612810830615,0.98,4,1024,7,0.0068359375,0.000708999983,1444287.763826364,1260237.5279698118,12456,11689,11637,35782,1.2986199521836106e-05,1959034.4747565435,4328.7612810830615
conteos_oscuros,,16,31032,31033,5.0,0.1,0.85,4328.7612810830615,0.98,4,1024,6,0.005859375,0.000708999983,1444287.763826364,1282452.3169392955,12755,11663,11850,36268,1.2986199521836106e-05,1959034.4747565435,4328.7612810830615
conteos_oscuros,,17,31034,31035,5.0,0.1,0.85,4328.7612810830615,0.98,4,1024,2,0.001953125,0.000708999983,1444287.763826364,1380668.083541291,12646,11710,11572,35928,1.2986199521836106e-05,1959034.4747565435,4328.7612810830615
conteos_oscuros,,18,31036,31037,5.0,0.1,0.85,4328.7612810830615,0.98,4,1024,4,0.00390625,0.000708999983,1444287.763826364,1329251.783758415,12418,11636,11812,35866,1.2986199521836106e-05,1959034.4747565435,4328.7612810830615
conteos_oscuros,,19,31038,31039,5.0,0.1,0.85,4328.7612810830615,0.98,4,1024,3,0.0029296875,0.000740999982,1381916.362853569,1295729.5872978058,12370,11590,11654,35614,1.2986199521836106e-05,1959034.4747565435,4328.7612810830615
conteos_oscuros,,20,31040,31041,5.0,0.1,0.85,4328.7612810830615,0.98,4,1024,2,0.001953125,0.000708999983,1444287.763826364,1380668.083541291,12619,11728,11742,36089,1.2986199521836106e-05,1959034.4747565435,4328.7612810830615
conteos_oscuros,,21,31042,31043,5.0,0.1,0.85,4328.7612810830615,0.98,4,1024,4,0.00390625,0.000708999983,1444287.763826364,1329251.783758415,12408,11816,11563,35787,1.2986199521836106e-05,1959034.4747565435,4328.7612810830615
conteos_oscuros,,22,31044,31045,5.0,0.1,0.85,4328.7612810830615,0.98,4,1024,2,0.001953125,0.000708999983,1444287.763826364,1380668.083541291,12826,11630,11783,36239,1.2986199521836106e-05,1959034.4747565435,4328.7612810830615
conteos_oscuros,,23,31046,31047,5.0,0.1,0.85,4328.7612810830615,0.98,4,1024,2,0.001953125,0.000708999983,1444287.763826364,1380668.083541291,12566,11655,11759,35980,1.2986199521836106e-05,1959034.4747565435,4328.7612810830615
conteos_oscuros,,24,31048,31049,5.0,0.1,0.85,4328.7612810830615,0.98,4,1024,2,0.001953125,0.000740999982,1381916.362853569,1321044.091144685,12645,11781,11689,36115,1.2986199521836106e-05,1959034.4747565435,4328.7612810830615
conteos_oscuros,,25,31050,31051,5.0,0.1,0.85,4328.7612810830615,0.98,4,1024,6,0.005859375,0.000708999983,1444287.763826364,1282452.3169392955,12621,11518,11642,35781,1.2986199521836106e-05,1959034.4747565435,4328.7612810830615
conteos_oscuros,,26,31052,31053,5.0,0.1,0.85,4328.7612810830615,0.98,4,1024,4,0.00390625,0.000708999983,1444287.763826364,1329251.783758415,12581,11881,11636,36098,1.2986199521836106e-05,1959034.4747565435,4328.7612810830615
conteos_oscuros,,27,31054,31055,5.0,0.1,0.85,4328.7612810830615,0.98,4,1024,3,0.0029296875,0.000708999983,1444287.763826364,1354211.0351003231,12465,11725,11616,35806,1.2986199521836106e-05,1959034.4747565435,4328.7612810830615
conteos_oscuros,,28,31056,31057,5.0,0.1,0.85,4328.7612810830615,0.98,4,1024,5,0.0048828125,0.000708999983,1444287.763826364,1305407.3921736418,12564,11672,11626,35862,1.2986199521836106e-05,1959034.4747565435,4328.7612810830615
conteos_oscuros,,29,31058,31059,5.0,0.1,0.85,4328.7612810830615,0.98,4,1024,7,0.0068359375,0.000740999982,1381916.362853569,1205814.3152647992,12694,11742,11815,36251,1.2986199521836106e-05,1959034.4747565435,4328.7612810830615
conteos_oscuros,,0,31100,31101,5.0,0.1,0.85,10000.0,0.98,4,1024,6,0.005859375,0.000708999983,1444287.763826364,1282452.3169392955,26703,25836,26257,78796,2.9999550004489173e-05,1959511.5517263128,10000.0
conteos_oscuros,,1,31102,31103,5.0,0.1,0.85,10000.0,0.98,4,1024,2,0.001953125,0.000708999983,1444287.763826364,1380668.083541291,26669,25904,25610,78183,2.9999550004489173e-05,1959511.5517263128,10000.0
conteos_oscuros,,2,31104,31105,5.0,0.1,0.85,10000.0,0.98,4,1024,2,0.001953125,0.000708999983,1444287.763826364,1380668.083541291,26794,26073,25856,78723,2.9999550004489173e-05,1959511.5517263128,10000.0
conteos_oscuros,,3,31106,31107,5.0,0.1,0.85,10000.0,0.98,4,1024,4,0.00390625,0.000740999982,1381916.362853569,1271848.1983545255,26803,25569,26244,78616,2.9999550004489173e-05,1959511.5517263128,10000.0
conteos_oscuros,,4,31108,31109,5.0,0.1,0.85,10000.0,0.98,4,1024,3,0.0029296875,0.000708999983,1444287.763826364,1354211.0351003231,26676,25657,26065,78398,2.9999550004489173e-05,1959511.5517263128,10000.0
conteos_oscuros,,5,31110,31111,5.0,0.1,0.85,10000.0,0.98,4,1024,7,0.0068359375,0.000708999983,1444287.763826364,1260237.5279698118,26513,25581,25964,78058,2.9999550004489173e-05,1959511.5517263128,10000.0
conteos_oscuros,,6,31112,31113,5.0,0.1,0.85,10000.0,0.98,4,1024,5,0.0048828125,0.000708999983,1444287.763826364,1305407.3921736418,26552,25874,25928,78354,2.9999550004489173e-05,1959511.5517263128,10000.0
conteos_oscuros,,7,31114,31115,5.0,0.1,0.85,10000.0,0.98,4,1024,4,0.00390625,0.000740999982,1381916.362853569,1271848.1983545255,26986,25849,25879,78714,2.9999550004489173e-05,1959511.5517263128,10000.0
conteos_oscuros,,8,31116,31117,5.0,0.1,0.85,10000.0,0.98,4,1024,4,0.00390625,0.000740999982,1381916.362853569,1271848.1983545255,26924,25732,25909,78565,2.9999550004489173e-05,1959511.5517263128,10000.0
conteos_oscuros,,9,31118,31119,5.0,0.1,0.85,10000.0,0.98,4,1024,8,0.0078125,0.000740999982,1381916.362853569,1185165.8401291627,26633,25983,25723,78339,2.9999550004489173e-05,1959511.5517263128,10000.0
conteos_oscuros,,10,31120,31121,5.0,0.1,0.85,10000.0,0.98,4,1024,0,0.0,0.000708999983,1444287.763826364,1444287.763826204,26528,25784,25995,78307,2.9999550004489173e-05,1959511.5517263128,10000.0
conteos_oscuros,,11,31122,31123,5.0,0.1,0.85,10000.0,0.98,4,1024,0,0.0,0.000708999983,1444287.763826364,1444287.763826204,26640,25785,26030,78455,2.9999550004489173e-05,1959511.5517263128,10000.0
conteos_oscuros,,12,31124,31125,5.0,0.1,0.85,10000.0,0.98,4,1024,5,0.0048828125,0.000740999982,1381916.362853569,1249033.524077989,26878,25777,26074,78729,2.9999550004489173e-05,1959511.5517263128,10000.0
conteos_oscuros,,13,31126,31127,5.0,0.1,0.85,10000.0,0.98,4,1024,2,0.001953125,0.000708999983,1444287.763826364,1380668.083541291,26521,25298,26162,77981,2.9999550004489173e-05,1959511.5517263128,10000.0
conteos_oscuros,,14,31128,31129,5.0,0.1,0.85,10000.0,0.98,4,1024,2,0.001953125,0.000708999983,1444287.763826364,1380668.083541291,26766,25869,26001,78636,2.9999550004489173e-05,1959511.5517263128,10000.0
conteos_oscuros,,15,31130,31131,5.0,0.1,0.85,10000.0,0.98,4,1024,6,0.005859375,0.000676999984,1512555.4271800395,1343070.4466726708,26744,25696,25653,78093,2.9999550004489173e-05,1959511.5517263128,10000.0
conteos_oscuros,,16,31132,31133,5.0,0.1,0.85,10000.0,0.98,4,1024,7,0.0068359375,0.000708999983,1444287.763826364,1260237.5279698118,26495,25699,25932,78126,2.9999550004489173e-05,1959511.5517263128,10000.0
conteos_oscuros,,17,31134,31135,5.0,0.1,0.85,10000.0,0.98,4,1024,3,0.0029296875,0.000708999983,1444287.763826364,1354211.0351003231,26938,25776,25872,78586,2.9999550004489173e-05,1959511.5517263128,10000.0
conteos_oscuros,,18,31136,31137,5.0,0.1,0.85,10000.0,0.98,4,1024,5,0.0048828125,0.000708999983,1444287.763826364,1305407.3921736418,26354,26002,25561,77917,2.9999550004489173e-05,1959511.5517263128,10000.0
conteos_oscuros,,19,31138,31139,5.0,0.1,0.85,10000.0,0.98,4,1024,2,0.001953125,0.000708999983,1444287.763826364,1380668.083541291,26834,25863,25917,78614,2.9999550004489173e-05,1959511.5517263128,10000.0
conteos_oscuros,,20,31140,31141,5.0,0.1,0.85,10000.0,0.98,4,1024,4,0.00390625,0.000740999982,1381916.362853569,1271848.1983545255,26555,26040,25768,78363,2.9999550004489173e-05,1959511.5517263128,10000.0
conteos_oscuros,,21,31142,31143,5.0,0.1,0.85,10000.0,0.98,4,1024,2,0.001953125,0.000708999983,1444287.763826364,1380668.083541291,26760,26097,25808,78665,2.9999550004489173e-05,1959511.5517263128,10000.0
conteos_oscuros,,22,31144,31145,5.0,0.1,0.85,10000.0,0.98,4,1024,4,0.00390625,0.000708999983,1444287.763826364,1329251.783758415,26662,25893,25828,78383,2.9999550004489173e-05,1959511.5517263128,10000.0
conteos_oscuros,,23,31146,31147,5.0,0.1,0.85,10000.0,0.98,4,1024,4,0.00390625,0.000740999982,1381916.362853569,1271848.1983545255,26694,25789,26055,78538,2.9999550004489173e-05,1959511.5517263128,10000.0
conteos_oscuros,,24,31148,31149,5.0,0.1,0.85,10000.0,0.98,4,1024,3,0.0029296875,0.000740999982,1381916.362853569,1295729.5872978058,26810,25879,25813,78502,2.9999550004489173e-05,1959511.5517263128,10000.0
conteos_oscuros,,25,31150,31151,5.0,0.1,0.85,10000.0,0.98,4,1024,7,0.0068359375,0.000708999983,1444287.763826364,1260237.5279698118,26789,25730,26177,78696,2.9999550004489173e-05,1959511.5517263128,10000.0
conteos_oscuros,,26,31152,31153,5.0,0.1,0.85,10000.0,0.98,4,1024,7,0.0068359375,0.000676999984,1512555.4271800395,1319805.6233728926,26840,25724,26106,78670,2.9999550004489173e-05,1959511.5517263128,10000.0
conteos_oscuros,,27,31154,31155,5.0,0.1,0.85,10000.0,0.98,4,1024,0,0.0,0.000740999982,1381916.362853569,1381916.3628534158,26588,25946,26052,78586,2.9999550004489173e-05,1959511.5517263128,10000.0
conteos_oscuros,,28,31156,31157,5.0,0.1,0.85,10000.0,0.98,4,1024,5,0.0048828125,0.000676999984,1512555.4271800395,1367110.547611455,26644,25901,25657,78202,2.9999550004489173e-05,1959511.5517263128,10000.0
conteos_oscuros,,29,31158,31159,5.0,0.1,0.85,10000.0,0.98,4,1024,7,0.0068359375,0.000708999983,1444287.763826364,1260237.5279698118,26700,26028,25718,78446,2.9999550004489173e-05,1959511.5517263128,10000.0
